CommonID,PreferredTerm,RadlexID
   4013418,A1 segment of anterior cerebral artery,RID650
   4013419,A2 segment of anterior cerebral artery,RID651
   4013398,abdomen,RID56
   4013401,abdominal aorta,RID905
   4013420,abdominal cavity,RID32954
   4013421,abdominal lymph node group,RID28854
   4013422,abdominal part of esophagus,RID31555
   4013423,abducens nerve,RID12116
   4013424,abductor digiti minimi muscle,RID3167
   4013425,abductor digiti minimi muscle of hand,RID2358
   4013426,abductor digiti minimi of left hand,RID43144
   4013427,abductor digiti minimi of right hand,RID43143
   4013428,abductor hallucis muscle,RID3165
   4013429,abductor pollicis brevis muscle,RID2346
   4013430,abductor pollicis longus muscle,RID2154
   4013431,abductor pollicis longus tendon,RID2374
   4013432,accessory breast,RID29955
   4013433,accessory nerve,RID12221
   4013434,accessory nerve tract,RID17608
   4013435,accessory pancreatic duct,RID182
   4013436,acetabular labrum,RID2644
   4013437,acetabular notch,RID2567
   4013438,acetabulum,RID2564
   4013439,Achilles tendon,RID3184
   4013440,acromioclavicular joint,RID1895
   4013441,acromion,RID1862
   4013442,adductor brevis muscle,RID2710
   4013443,adductor hallucis muscle,RID3176
   4013444,adductor longus muscle,RID2708
   4013445,adductor magnus muscle,RID2711
   4013446,adductor pollicis muscle,RID2351
   4013408,adrenal artery,RID935
   4013411,adrenal gland,RID88
   4013447,adrenal vein,RID34819
   4013448,alar fascia,RID7539
   4013449,alveolar part of maxilla,RID9271
   4013450,amnion,RID34560
   4013451,anal canal,RID32691
   4013452,anatomical neck of humerus,RID1972
   4013453,anconeus muscle,RID2149
   4013454,ankle,RID28545
   4013455,ankle joint,RID3004
   4013456,annular ligament of radius,RID2048
   4013457,ansa cervicalis,RID21931
   4013458,anterior abdominal wall,RID30008
   4013459,anterior cerebral artery,RID648
   4013460,anterior cerebral vein,RID36161
   4013461,anterior chamber of globe,RID9675
   4013462,anterior chest wall,RID29859
   4013463,anterior choroidal artery,RID643
   4013464,anterior commissure,RID6911
   4013465,anterior communicating artery,RID649
   4013466,anterior compartment of arm,RID38666
   4013467,anterior compartment of left arm,RID39956
   4013468,anterior compartment of left leg,RID48165
   4013469,anterior compartment of left thigh,RID48158
   4013470,anterior compartment of leg,RID2931
   4013471,anterior compartment of right arm,RID39955
   4013472,anterior compartment of right leg,RID48164
   4013473,anterior compartment of right thigh,RID48157
   4013474,anterior compartment of thigh,RID2691
   4013475,anterior cruciate ligament,RID2781
   4013476,anterior fold of malleus,RID10191
   4013477,anterior hypothalamic region,RID6661
   4013478,anterior inferior area of anterior segment of right lobe of liver,RID33240
   4013479,anterior inferior cerebellar artery,RID794
   4013480,anterior intercavernous sinus,RID39320
   4013481,anterior jugular vein,RID1020
   4013482,anterior limb of internal capsule,RID6942
   4013483,anterior limb of left internal capsule,RID17024
   4013484,anterior limb of right internal capsule,RID17023
   4013485,anterior limb of stapes,RID10154
   4013486,anterior medullary segment of PICA,RID781
   4013487,anterior nasal spine of maxilla,RID9246
   4013488,anterior parietal artery,RID35916
   4013489,anterior process of malleus,RID10169
   4013490,anterior scalene muscle,RID7496
   4013491,anterior semicircular canal,RID10214
   4013492,anterior spinal artery,RID789
   4013493,anterior superior area of anterior segment of right lobe of liver,RID33239
   4013494,anterior talofibular ligament,RID3022
   4013495,anterior temporal artery,RID673
   4013496,anterior thalamoperforating artery,RID810
   4013497,anterior tibial artery,RID971
   4013498,anterior tibial vein,RID1205
   4013499,anterior tibiofibular ligament,RID38808
   4013500,anterior tibiotalar ligament,RID3015
   4013414,anus,RID164
   4013402,aorta,RID480
   4013501,aortic arch,RID581
   4013502,aortic valve,RID1394
   4013503,aortopulmonary lymph node,RID1477
   4013504,apex of lung,RID28584
   4013505,appendix,RID168
   4013506,areola,RID29911
   4013507,areola of female breast,RID29917
   4013508,areola of left female breast,RID29919
   4013509,areola of left male breast,RID29916
   4013510,areola of male breast,RID29914
   4013511,areola of right female breast,RID29918
   4013512,areola of right male breast,RID29915
   4013513,arm,RID1968
   4013514,arterial system,RID13183
   4013515,artery of central sulcus,RID676
   4013516,artery of left postcentral sulcus,RID36499
   4013517,artery of left precentral sulcus,RID36496
   4013518,artery of postcentral sulcus,RID36497
   4013519,artery of precentral sulcus,RID36494
   4013520,artery of right postcentral sulcus,RID36498
   4013521,artery of right precentral sulcus,RID36495
   4013522,articularis genus,RID48211
   4013523,articulation of ossicles,RID10170
   4013524,arytenoid cartilage,RID7606
   4013525,ascending aorta,RID580
   4013526,ascending colon,RID157
   4013527,ascending lumbar vein,RID1176
   4013528,ascending pharyngeal artery,RID692
   4013529,atlantooccipital articulation,RID7908
   4013530,atlas,RID7745
   4013531,axillary artery,RID860
   4013532,axillary lymph node,RID1517
   4013533,axillary nerve,RID7240
   4013534,axillary vein,RID1014
   4013535,axis,RID7747
   4013536,azygos vein,RID1169
   4013537,back,RID30781
   4013538,basal vein,RID1152
   4013539,base of cranium,RID28731
   4013540,basilar artery,RID791
   4013541,basilic vein,RID1016
   4013542,biceps brachii muscle,RID1996
   4013543,biceps femoris muscle,RID2714
   4013544,biceps femoris tendon,RID2851
   4013545,bicipitoradial bursa,RID2086
   4013546,biliary tree,RID33652
   4013547,bladder,RID237
   4013548,body of corpus callosum,RID6917
   4013549,body of incus,RID10159
   4013550,body of lateral ventricle,RID7125
   4013551,body of left lateral ventricle,RID13807
   4013552,body of left scapula,RID40100
   4013553,body of mandible,RID9083
   4013554,body of right lateral ventricle,RID13806
   4013555,body of right scapula,RID40099
   4013556,body of scapula,RID40098
   4013557,bony palate,RID9940
   4013558,brachial artery,RID865
   4013559,brachial vein,RID1015
   4013560,brachialis muscle,RID2005
   4013561,brachiocephalic artery,RID582
   4013562,brachiocephalic vein,RID1011
   4013563,brachioradialis muscle,RID2142
   4013564,brain,RID6434
   4013565,brainstem,RID6677
   4013566,breast,RID28749
   4013567,bronchopulmonary lymph node,RID1497
   4013568,buccinator muscle,RID9866
   4013569,C2/C3 cervical intervertebral disk,RID50392_RID6182
   4013570,C3/C4 cervical intervertebral disk,RID50392_RID6183
   4013571,C4/C5 cervical intervertebral disk,RID50392_RID6184
   4013572,C5/C6 cervical intervertebral disk,RID50392_RID6185
   4013573,C6/C7 cervical intervertebral disk,RID50392_RID6186
   4013574,C7/T1 cervical intervertebral disk,RID50392_RID6187
   4013575,calcaneal tuberosity,RID2962
   4013576,calcaneocuboid joint,RID3055
   4013577,calcaneofibular ligament,RID3023
   4013578,calcaneus,RID2959
   4013579,calcarine artery,RID820
   4013580,callosomarginal artery,RID661
   4013581,calyx of renal collecting system,RID225
   4013582,canine tooth,RID9126
   4013583,capitate,RID2197
   4013584,capitellum of humerus,RID1987
   4013585,capitohamate joint,RID2249
   4013586,capitolunate joint,RID2247
   4013587,carina,RID1248
   4013588,carotid space,RID7568
   4013589,caudate lobe of liver,RID77
   4013590,caudate nucleus,RID6545
   4013591,cavernous sinus,RID1094
   4013592,cavum trigeminale,RID7099
   4013593,cecum,RID154
   4013594,celiac artery,RID906
   4013595,celiac lymph node group,RID31912
   4013596,celiac nerve plexus,RID49533
   4013597,central,RID5827
   4013598,central region of breast,RID29949
   4013599,central region of left breast,RID29951
   4013600,central region of right breast,RID29950
   4013601,central sulcus,RID6456
   4013602,cephalic vein,RID1017
   4013603,ceratoglossus muscle,RID9897
   4013604,cerebellar peduncle,RID6892
   4013605,cerebellum,RID6815
   4013606,cerebral aqueduct,RID7171
   4013607,cerebral crus,RID28449
   4013608,cerebral hemisphere,RID13857
   4013609,cervical intervertebral disk,RID50392
   4013610,cervical lymph node group,RID28848
   4013611,cervical vertebral column,RID34571
   4013612,cervix of uterus,RID308
   4013613,chest wall,RID2468
   4013614,chondroglossus muscle,RID9896
   4013615,chordae tendineae,RID1401
   4013616,chorion,RID34559
   4013617,choroid of globe,RID9617
   4013618,ciliary body,RID9624
   4013619,cingulate gyrus,RID6510
   4013620,circle of Willis,RID28600
   4013622,circumflex pontine artery,RID793
   4013623,claustrum,RID6905
   4013624,clavicle,RID1854
   4013625,clivus,RID9332
   4013626,coccyx,RID2524
   4013627,cochlea,RID10223
   4013628,cochlear nerve,RID12165
   4013629,collicular artery,RID44723
   4013630,common bile duct,RID199
   4013631,common carotid artery,RID584
   4013632,common extensor tendon,RID2068
   4013633,common femoral artery,RID958
   4013634,common hepatic artery,RID909
   4013635,common hepatic duct,RID200
   4013636,common iliac artery,RID944
   4013637,common iliac lymph node group,RID32011
   4013638,common iliac vein,RID1193
   4013639,common peroneal nerve,RID7348
   4013640,common tendinous ring of extraocular muscles,RID9718
   4013641,communicating vein between internal jugular vein and anterior jugular vein,RID43934
   4013642,communicating vein between left internal jugular vein and left anterior jugular vein,RID43936
   4013643,communicating vein between right internal jugular vein and right anterior jugular vein,RID43935
   4013644,condyle of mandible,RID9110
   4013645,coracoacromial ligament,RID1915
   4013646,coracobrachialis muscle,RID2004
   4013647,coracoclavicular ligament,RID1901
   4013648,coracoid process,RID1863
   4013649,coranoid process of left ulna,RID43007
   4013650,coranoid process of right ulna,RID43006
   4013651,cornea,RID9606
   4013652,corniculate cartilage,RID7619
   4013653,coronal suture,RID9805
   4013654,coronary sinus,RID1216
   4013655,coronoid process of mandible,RID9115
   4013656,coronoid process of ulna,RID2125
   4013657,corpus callosum,RID6915
   4013658,corrugator supercilii muscle,RID9880
   4013659,cortex of insula,RID13522
   4013660,cortex of kidney,RID211
   4013661,cortex of left insula,RID13523
   4013662,cortex of left kidney,RID31790
   4013663,cortex of right insula,RID13524
   4013664,cortex of right kidney,RID31789
   4013665,costocervical trunk,RID853
   4013666,costoclavicular ligament,RID1892
   4013667,cricoid cartilage,RID7601
   4013668,cricothyroid muscle,RID7640
   4013669,crista galli,RID9202
   4013670,crus of diaphragm,RID1529
   4013671,cuboid,RID2973
   4013672,cul-de-sac,RID407
   4013673,cuneiform cartilage,RID7621
   4013674,cystic artery,RID919
   4013675,cystic duct,RID201
   4013676,deciduous left mandibular canine tooth,RID9131_RID5824_RID9106_RID9126
   4013677,deciduous left mandibular central incisor tooth,RID9131_RID5824_RID9106_RID5827_RID9127
   4013678,deciduous left mandibular first molar tooth,RID9131_RID5824_RID9106_RID5996_RID9128
   4013679,deciduous left mandibular lateral incisor tooth,RID9131_RID5824_RID9106_RID39121_RID9127
   4013680,deciduous left mandibular second molar tooth,RID9131_RID5824_RID9106_RID5998_RID9128
   4013681,deciduous left maxillary canine tooth,RID9131_RID5824_RID9279_RID9126
   4013682,deciduous left maxillary central incisor tooth,RID9131_RID5824_RID9279_RID5827_RID9127
   4013683,deciduous left maxillary first molar tooth,RID9131_RID5824_RID9279_RID5996_RID9128
   4013684,deciduous left maxillary lateral incisor tooth,RID9131_RID5824_RID9279_RID39121_RID9127
   4013685,deciduous left maxillary second molar tooth,RID9131_RID5824_RID9279_RID5998_RID9128
   4013686,deciduous right mandibular canine tooth,RID9131_RID5825_RID9106_RID9126
   4013687,deciduous right mandibular central incisor tooth,RID9131_RID5825_RID9106_RID5827_RID9127
   4013688,deciduous right mandibular first molar tooth,RID9131_RID5825_RID9106_RID5996_RID9128
   4013689,deciduous right mandibular lateral incisor tooth,RID9131_RID5825_RID9106_RID39121_RID9127
   4013690,deciduous right mandibular second molar tooth,RID9131_RID5825_RID9106_RID5998_RID9128
   4013691,deciduous right maxillary canine tooth,RID9131_RID5825_RID9279_RID9126
   4013692,deciduous right maxillary central incisor tooth,RID9131_RID5825_RID9279_RID5827_RID9127
   4013693,deciduous right maxillary first molar tooth,RID9131_RID5825_RID9279_RID5996_RID9128
   4013694,deciduous right maxillary lateral incisor tooth,RID9131_RID5825_RID9279_RID39121_RID9127
   4013695,deciduous right maxillary second molar tooth,RID9131_RID5825_RID9279_RID5998_RID9128
   4013696,deciduous tooth,RID9131
   4013697,deep brachial artery,RID864
   4013698,deep femoral artery,RID959
   4013699,deep layer of cervical fascia,RID7535
   4013700,deep layer of deep cervical fascia,RID7538
   4013701,deep middle cerebral vein,RID36164
   4013702,deep palmar arch,RID867
   4013703,deep peroneal nerve,RID7359
   4013704,deep posterior compartment of leg,RID2934
   4013705,deltoid muscle,RID1936
   4013706,dentate gyrus of hippocampus,RID6534
   4013707,dentate gyrus of left hippocampus,RID13961
   4013708,dentate gyrus of right hippocampus,RID13960
   4013709,depressor anguli oris muscle,RID9860
   4013710,depressor labii inferior muscle,RID9853
   4013711,depressor supercilii muscle,RID9881
   4013712,descending colon,RID161
   4013713,descending thoracic aorta,RID35844
   4013714,diaphragm,RID1524
   4013715,diaphysis of femur,RID41864
   4013716,diaphysis of humerus,RID41789
   4013717,diaphysis of left femur,RID41866
   4013718,diaphysis of left humerus,RID41791
   4013719,diaphysis of left radius,RID41793
   4013720,diaphysis of left tibia,RID41870
   4013721,diaphysis of left ulna,RID41796
   4013722,diaphysis of radius,RID39355
   4013723,diaphysis of right femur,RID41865
   4013724,diaphysis of right humerus,RID41790
   4013725,diaphysis of right radius,RID41792
   4013726,diaphysis of right tibia,RID41869
   4013727,diaphysis of right ulna,RID41795
   4013728,diaphysis of tibia,RID2900
   4013729,diaphysis of ulna,RID41794
   4013730,digastric muscle,RID7512
   4013731,distal interphalangeal joint of fifth finger,RID2418_RID2400
   4013732,distal interphalangeal joint of fifth toe,RID3148_RID2999
   4013733,distal interphalangeal joint of fourth finger,RID2418_RID2398
   4013734,distal interphalangeal joint of fourth toe,RID3148_RID2998
   4013735,distal interphalangeal joint of second finger,RID2418_RID2394
   4013736,distal interphalangeal joint of second toe,RID3148_RID2996
   4013737,distal interphalangeal joint of third finger,RID2418_RID2396
   4013738,distal interphalangeal joint of third toe,RID3148_RID2997
   4013739,distal medial striate artery,RID652
   4013740,distal phalanx of fifth finger,RID2406_RID2400
   4013741,distal phalanx of fifth toe,RID3002_RID2999
   4013742,distal phalanx of first finger,RID2406_RID2392
   4013743,distal phalanx of fourth finger,RID2406_RID2398
   4013744,distal phalanx of fourth toe,RID3002_RID2998
   4013745,distal phalanx of great toe,RID3002_RID2993
   4013746,distal phalanx of second finger,RID2406_RID2394
   4013747,distal phalanx of second toe,RID3002_RID2996
   4013748,distal phalanx of third finger,RID2406_RID2396
   4013749,distal phalanx of third toe,RID3002_RID2997
   4013750,distal radioulnar joint,RID2203
   4013751,dorsal compartment of forearm,RID2135
   4013752,dorsal interossei muscle of foot,RID3182
   4013753,dorsal interosseous muscle of hand,RID43161
   4013754,dorsal pancreatic artery,RID922
   4013755,dorsal pedal artery,RID972
   4013756,dorsal radiocarpal ligament,RID2281
   4013757,dorsal radioulnar ligament,RID2229
   4013758,duodenum,RID134
   4013759,ear,RID10053
   4013760,eight thoracic vertebra,RID29205
   4013761,eighth rib,RID28591_RID6158
   4013762,ejaculatory duct,RID361
   4013763,elbow,RID2010
   4013764,elbow joint,RID2011
   4013765,eleventh rib,RID28591_RID6161
   4013766,eleventh thoracic vertebra,RID29208
   4013767,endometrium,RID30958
   4013768,endometrium of cervix,RID31686
   4013769,epididymis,RID371
   4013770,epiglottis,RID7657
   4013771,erector spinae muscle group,RID7780
   4013772,esophageal lymph node,RID1484
   4013773,esophagus,RID95
   4013774,ethmoid bone,RID9199
   4013775,ethmoid sinus,RID9561
   4013776,ethmoidal bulla,RID9566
   4013777,ethmoidal infundibulum,RID9567
   4013777,ethmoidal infundibulum,RID9567
   4013779,eustachian tube,RID9419
   4013780,extensor carpi radialis brevis muscle,RID2144
   4013781,extensor carpi radialis brevis tendon,RID2377
   4013782,extensor carpi radialis longus muscle,RID2145
   4013783,extensor carpi radialis longus tendon,RID2376
   4013784,extensor carpi ulnaris muscle,RID2146
   4013785,extensor carpi ulnaris tendon,RID2382
   4013786,extensor digiti minimi muscle,RID2148
   4013787,extensor digiti minimi tendon,RID2381
   4013788,extensor digitorum brevis muscle,RID3162
   4013789,extensor digitorum longus muscle,RID2913
   4013790,extensor digitorum muscle,RID43114
   4013791,extensor hallucis brevis muscle,RID3163
   4013792,extensor hallucis longus muscle,RID2914
   4013793,extensor hallucis longus tendon,RID3188
   4013794,extensor indicis muscle,RID2157
   4013795,extensor indicis tendon,RID2429
   4013796,extensor pollicis brevis muscle,RID2155
   4013797,extensor pollicis brevis tendon,RID2375
   4013798,extensor pollicis longus muscle,RID2156
   4013799,extensor pollicis longus tendon,RID2378
   4013800,extensor retinaculum,RID2309
   4013801,external anal sphincter,RID39061
   4013802,external auditory canal,RID10094
   4013803,external capsule,RID6908
   4013804,external carotid artery,RID684
   4013805,external ear,RID10054
   4013806,external iliac artery,RID957
   4013807,external iliac lymph node group,RID32018
   4013808,external iliac vein,RID1195
   4013809,external jugular vein,RID1018
   4013810,external oblique,RID31596
   4013811,extraconal space of orbit,RID9726
   4013812,extracranial head,RID6379_RID9080
   4013813,fabella,RID2745
   4013814,face,RID13284
   4013815,facial artery,RID701
   4013816,facial nerve,RID12119
   4013817,falciform ligament,RID81
   4013818,falx cerebri,RID7094
   4013819,female breast,RID29895
   4013405,female genital system,RID270
   4013820,femoral neck,RID2668
   4013821,femoral vein,RID1199
   4013822,femur,RID2662
   4013823,fibula,RID2871
   4013824,fifth cervical vertebra,RID29224
   4013825,fifth lumbar vertebra,RID29197
   4013826,fifth metacarpal bone,RID34549
   4013827,fifth rib,RID28591_RID6155
   4013828,fifth sacral vertebra,RID29192
   4013829,fifth thoracic vertebra,RID29202
   4013830,first lumbar vertebra,RID29193
   4013831,first metacarpal bone,RID34545
   4013832,first part of duodenum,RID29245
   4013833,first rib,RID28591_RID6151
   4013834,first sacral vertebra,RID29188
   4013835,first thoracic vertebra,RID29198
   4013836,flexor carpi radialis muscle,RID2161
   4013837,flexor carpi radialis tendon,RID41494
   4013838,flexor carpi ulnaris muscle,RID2163
   4013839,flexor digiti minimi brevis muscle of hand,RID2359
   4013840,flexor digiti minimi brevis of left hand,RID43146
   4013841,flexor digiti minimi brevis of right hand,RID43145
   4013842,flexor digitorum brevis muscle,RID3166
   4013843,flexor digitorum longus muscle,RID2929
   4013844,flexor digitorum longus tendon,RID3192
   4013845,flexor digitorum profundus muscle,RID2168
   4013846,flexor digitorum superficialis muscle,RID2164
   4013847,flexor hallucis brevis muscle,RID3173
   4013848,flexor hallucis longus muscle,RID2928
   4013849,flexor hallucis longus tendon,RID3193
   4013850,flexor pollicis brevis muscle,RID2348
   4013851,flexor pollicis longus muscle,RID2169
   4013852,flexor pollicis longus tendon,RID2383
   4013853,flexor retinaculum,RID2313
   4013854,fold of incus,RID10197
   4013855,foot,RID28829
   4013856,footplate of stapes,RID10156
   4013857,foramen magnum,RID9335
   4013858,forearm,RID2107
   4013859,fornix of forebrain,RID6512
   4013860,fossa for gallbladder,RID31748
   4013861,fourth cervical vertebra,RID29161
   4013862,fourth lumbar vertebra,RID29196
   4013863,fourth metacarpal bone,RID34548
   4013864,fourth part of duodenum,RID146
   4013865,fourth rib,RID28591_RID6154
   4013866,fourth sacral vertebra,RID29191
   4013867,fourth thoracic vertebra,RID29201
   4013868,fourth ventricle,RID7147
   4013869,frontal bone,RID9207
   4013870,frontal brain region,RID6391
   4013871,frontal horn of lateral ventricle,RID7126
   4013872,frontal horn of left lateral ventricle,RID13799
   4013873,frontal horn of right lateral ventricle,RID13798
   4013874,frontal lobe,RID6440
   4013875,frontal sinus,RID9555
   4013876,fundus of uterus,RID303
   4013877,gallbladder,RID187
   4013878,gastric cardia,RID115
   4013879,gastric fundus,RID116
   4013880,gastric lymph node group,RID31919
   4013881,gastrocnemius muscle,RID2920
   4013882,gastrocolic ligament,RID417
   4013883,gastroduodenal artery,RID910
   4013884,gastroesophageal junction,RID96
   4013885,gastrohepatic ligament,RID413
   4013886,gastrohepatic ligament node,RID453
   4013887,gastrointestinal tract,RID94
   4013888,genioglossus muscle,RID9894
   4013889,geniohyoid muscle,RID7517
   4013890,genital system of male human body,RID342
   4013891,genu of corpus callosum,RID6918
   4013892,genu of internal capsule,RID17025
   4013893,genu of left internal capsule,RID17027
   4013894,genu of right internal capsule,RID17026
   4013895,glenohumeral joint,RID1905
   4013896,glenohumeral ligament,RID1916
   4013897,glenoid labrum,RID1909
   4013898,globe,RID9592
   4013899,globus pallidus,RID21016
   4013900,glossopharyngeal nerve,RID12167
   4013901,gluteus maximus muscle,RID2629
   4013902,gluteus medius muscle,RID2630
   4013903,gluteus minimus muscle,RID2631
   4013904,gracilis muscle,RID2709
   4013905,great auricular nerve,RID7196
   4013906,great cerebral vein,RID1132
   4013907,great pancreatic artery,RID923
   4013908,greater omentum,RID430
   4013909,greater saphenous vein,RID1197
   4013910,greater trochanter of femur,RID2671
   4013911,greater trochanter of left femur,RID39755
   4013912,greater trochanter of right femur,RID39754
   4013913,greater tuberosity of humerus,RID1973
   4013914,hamate,RID2198
   4013915,hand,RID2318
   4013916,handle of malleus,RID10165
   4013917,head,RID9080
   4013918,head of femur,RID2664
   4013919,head of fibula,RID2872
   4013920,head of humerus,RID29093
   4013921,head of left humerus,RID39922
   4013922,head of malleus,RID10166
   4013923,head of pancreas,RID171
   4013924,head of radius,RID28590
   4013925,head of right humerus,RID39921
   4013926,head of stapes,RID10153
   4013927,head of ulna,RID42286
   4013928,heart,RID1385
   4013929,hemidiaphragm,RID28909
   4013930,hepatic flexure of colon,RID158
   4013931,hepatic vein,RID1179
   4013932,hepatoduodenal ligament,RID415
   4013933,hepatopancreatic ampulla,RID45811
   4013934,hepatoportal lymph node group,RID31997
   4013935,hip,RID2639
   4013936,hip joint,RID2640
   4013937,hippocampus,RID6529
   4013938,hook of hamate,RID2200
   4013939,horizontal fissure of right lung,RID43258
   4013940,humerus,RID1971
   4013941,hyoglossus muscle,RID9895
   4013942,hyoid bone,RID7527
   4013943,hypoglossal nerve,RID12230
   4013944,hypopharynx,RID10021
   4013944,hypopharynx,RID10021
   4013946,hypothalamus,RID6639
   4013947,ileocecal valve,RID153
   4013948,ileocolic artery,RID934
   4013949,ileocolic vein,RID38291
   4013950,ileum,RID150
   4013951,iliocostalis cervicis,RID32262
   4013952,iliofemoral ligament,RID2650
   4013953,iliolumbar artery,RID948
   4013954,iliopsoas muscle,RID30906
   4013955,iliotibial band,RID2723
   4013956,ilium,RID2531
   4013957,incisor tooth,RID9127
   4013958,incus,RID10157
   4013959,inferior cerebellar peduncle,RID6893
   4013960,inferior cerebellar vein,RID36677
   4013961,inferior cerebral vein,RID36152
   4013962,inferior colliculus,RID6784
   4013963,inferior constrictor muscle,RID7556
   4013964,inferior epigastric artery,RID13091
   4013965,inferior frontal sulcus,RID6459
   4013966,inferior glenohumeral ligament,RID1917
   4013967,inferior gluteal artery,RID950
   4013968,inferior gluteal nerve,RID7322
   4013969,inferior internal parietal artery,RID659
   4013970,inferior longitudinal muscle of tongue,RID9901
   4013971,inferior mesenteric artery,RID939
   4013972,inferior mesenteric vein,RID1211
   4013973,inferior nasal concha,RID28571
   4013974,inferior nasal meatus,RID9537
   4013975,inferior nasal turbinate,RID10051
   4013976,inferior oblique muscle,RID9709
   4013977,inferior ophthalmic vein,RID1117
   4013978,inferior orbital fissure,RID9591
   4013979,inferior pancreatic artery,RID38122
   4013980,inferior pancreaticoduodenal artery,RID928
   4013981,inferior petrosal sinus,RID1093
   4013982,inferior phrenic artery,RID38762
   4013983,inferior pulmonary ligament lymph node,RID1490
   4013984,inferior rectus muscle,RID9702
   4013985,inferior sagittal sinus,RID1131
   4013986,inferior tarsal muscle,RID9751
   4013987,inferior thyroid artery,RID838
   4013988,inferior vena cava,RID1178
   4013989,inferior vermian artery of PICA,RID787
   4013990,inferior vesical artery,RID13086
   4013991,infrahyoid neck,RID7576
   4013992,infraspinatus muscle,RID1939
   4013993,infraspinatus tendon,RID1949
   4013994,infratemporal fossa of maxilla,RID9248
   4013995,infratentorial brain,RID6381_RID6434
   4013996,inguinal canal,RID2485
   4013997,inguinal ligament,RID13315
   4013998,inguinal lymph node,RID465
   4013999,inner ear,RID10199
   4014000,intercostal artery,RID884
   4014001,interlobar bronchus,RID1258
   4014002,intermediate cuneiform,RID2981
   4014003,intermediate hypothalamic region,RID6665
   4014004,internal auditory canal,RID9392
   4014005,internal capsule,RID6941
   4014006,internal carotid artery,RID585
   4014007,internal cerebral vein,RID1142
   4014008,internal iliac artery,RID945
   4014009,internal iliac vein,RID1194
   4014010,internal jugular vein ,RID1024
   4014011,internal oblique,RID31599
   4014012,internal pudendal artery,RID954
   4014013,internal thoracic artery,RID823
   4014014,interphalangeal joint of great toe,RID34530_RID2993
   4014015,interphalangeal joint of thumb,RID34533
   4014016,interventricular foramen,RID7178
   4014017,interventricular septum,RID1404
   4014018,intraconal space of orbit,RID9725
   4014019,intracranial head,RID6383_RID9080
   4014020,Intramammary lymph node,RID34263
   4014021,iris,RID9635
   4014022,ischiofemoral ligament,RID2651
   4014023,ischium,RID2545
   4014024,isthmus of thyroid gland,RID7584
   4014025,jejunum,RID148
   4014026,jugular foramen,RID9501
   4014027,kidney,RID205
   4014028,knee,RID2743
   4014029,knee joint,RID2751
   4014030,L1/L2 lumbar intervertebral disk,RID28830_RID6202
   4014031,L2/L3 lumbar intervertebral disk,RID28830_RID6203
   4014032,L3/L4 lumbar intervertebral disk,RID28830_RID6204
   4014033,L4/L5 lumbar intervertebral disk,RID28830_RID6205
   4014034,L5/S1 lumbar intervertebral disk,RID28830_RID6206
   4014035,labyrinthine artery,RID795
   4014036,lacrimal bone,RID9471
   4014037,lacrimal gland,RID9761
   4014038,lambdoid suture,RID9807
   4014039,lamina terminalis,RID6524
   4014040,large intestine,RID152
   4014041,larynx,RID7589
   4014042,lateral,RID39121
   4014043,lateral collateral ligament,RID2797
   4014044,lateral compartment of left leg,RID48176
   4014045,lateral compartment of leg,RID2932
   4014046,lateral compartment of right leg,RID48175
   4014047,lateral condyle of femur,RID2686
   4014048,lateral condyle of left femur,RID39860
   4014049,lateral condyle of left tibia,RID39631
   4014050,lateral condyle of right femur,RID39859
   4014051,lateral condyle of right tibia,RID39630
   4014052,lateral condyle of tibia,RID39629
   4014053,lateral cricoarytenoid muscle,RID7645
   4014054,lateral cuneiform,RID2983
   4014055,lateral epicondyle of femur,RID2682
   4014056,lateral epicondyle of humerus,RID1984
   4014057,lateral epicondyle of left femur,RID49285
   4014058,lateral epicondyle of right femur,RID49284
   4014059,lateral frontobasal artery,RID36488
   4014060,lateral geniculate nucleus,RID6617
   4014061,lateral inferior area of lateral segment of left lobe of liver,RID33238
   4014062,lateral lenticulostriate artery,RID669
   4014063,lateral malleolus,RID2883
   4014064,lateral meniscus,RID2763
   4014065,lateral posterior choroidal artery,RID814
   4014066,lateral process of malleus,RID10168
   4014067,lateral pterygoid muscle,RID9905
   4014068,lateral rectus muscle,RID9704
   4014069,lateral region of breast,RID29946
   4014070,lateral region of left breast,RID29948
   4014071,lateral region of right breast,RID29947
   4014072,lateral sacral artery,RID947
   4014073,lateral semicircular canal,RID10218
   4014074,lateral superior area of lateral segment of left lobe of liver,RID33237
   4014075,lateral thoracic vein,RID43951
   4014076,lateral tibial spine,RID2889
   4014077,lateral ventricle,RID7124
   4014078,latissimus dorsi muscle,RID13374
   4014079,leaflet of tricuspid valve,RID39309
   4014081,left abducens nerve,RID27693
   4014082,left abductor pollicis brevis muscle,RID43134
   4014083,left abductor pollicis longus muscle,RID43124
   4014084,left abductor pollicis longus tendon,RID41622
   4014085,left accessory nerve tract,RID17610
   4014086,left acromioclavicular joint,RID42239
   4014087,left acromion,RID40004
   4014088,left adductor brevis muscle,RID48240
   4014089,left adductor longus muscle,RID48238
   4014090,left adductor magnus muscle,RID48242
   4014091,left adductor pollicis muscle,RID43140
   4013409,"adrenal artery, left",RID935_RID5824
   4013413,left adrenal gland,RID30325
   4014092,left adrenal vein,RID1185
   4014093,left anconeus muscle,RID43090
   4014094,left ansa cervicalis,RID21933
   4014095,left anterior cerebral artery,RID36393
   4014096,left anterior cerebral vein,RID36163
   4014097,left anterior choroidal artery,RID36542
   4014098,left anterior cruciate ligament,RID48972
   4014099,left anterior descending artery,RID490
   4014100,left anterior inferior cerebellar artery,RID44690
   4014101,left anterior jugular vein,RID44025
   4014102,left anterior parietal artery,RID36501
   4014103,left anterior spinal artery,RID44639
   4014104,left anterior temporal artery,RID36460
   4014105,left areola,RID29913
   4014106,left articularis genus,RID48213
   4014107,left atrium,RID1390
   4014108,left axillary artery,RID45199
   4014109,left axillary nerve,RID27731
   4014110,left axillary vein,RID43900
   4014111,left basal vein,RID36160
   4014112,left basilic vein,RID43998
   4014113,left biceps brachii muscle,RID43079
   4014114,left biceps femoris muscle,RID48227
   4014115,left brachial artery,RID45201
   4014116,left brachialis muscle,RID43083
   4015547,left brachiocephalic vein,RID1011_RID5824
   4014117,left brachioradialis muscle,RID43109
   4014118,left bronchopulmonary lymph node,RID1501
   4014119,left calcarine artery,RID44758
   4014120,left callosomarginal artery,RID36419
   4014121,left caudate nucleus,RID21020
   4014122,left cephalic vein,RID44010
   4014123,left cerebral crus,RID18119
   4014124,left cerebral hemisphere,RID13859
   4014125,left cerebral peduncle,RID34069
   4014126,left cingulate gyrus,RID26563
   4014127,left claustrum,RID15700
   4014128,left clavicle,RID41741
   4014129,left cochlear nerve,RID14619
   4014130,left colic artery,RID940
   4014131,left collicular artery,RID44725
   4015551,left common iliac artery,RID944_RID5824
   4014132,left common iliac lymph node group,RID32013
   4015553,left common iliac vein,RID1193_RID5824
   4014133,left common pulmonary vein,RID1238
   4014134,left coracoacromial ligament,RID40843
   4014135,left coracobrachialis muscle,RID43081
   4014136,left coracoclavicular ligament,RID42243
   4014137,left coracoid process,RID40026
   4014138,left coronary artery,RID486
   4014139,left deep brachial artery,RID45079
   4014140,left deep middle cerebral vein,RID36166
   4014141,left deep peroneal nerve,RID15800
   4014142,left deltoid muscle,RID43060
   4014143,left dorsal radiocarpal ligament,RID40873
   4014144,left extensor carpi radialis brevis muscle,RID43113
   4014145,left extensor carpi radialis brevis tendon,RID41592
   4014146,left extensor carpi radialis longus muscle,RID43111
   4014147,left extensor carpi radialis longus tendon,RID41590
   4014148,left extensor carpi ulnaris muscle,RID43120
   4014149,left extensor carpi ulnaris tendon,RID41614
   4014150,left extensor digiti minimi muscle,RID43118
   4014151,left extensor digiti minimi tendon,RID41606
   4014152,left extensor digitorum longus muscle,RID48462
   4014153,left extensor digitorum muscle,RID43116
   4014154,left extensor hallucis longus muscle,RID48459
   4014155,left extensor hallucis longus tendon,RID41187
   4014156,left extensor indicis muscle,RID43130
   4014157,left extensor indicis tendon,RID41634
   4014158,left extensor pollicis brevis muscle,RID43126
   4014159,left extensor pollicis brevis tendon,RID41632
   4014160,left extensor pollicis longus muscle,RID43128
   4014161,left extensor pollicis longus tendon,RID41630
   4014162,left external capsule,RID17041
   4014163,left external iliac lymph node group,RID32020
   4014164,left external jugular vein,RID43902
   4014165,left external oblique,RID31598
   4014166,left fabella,RID49395
   4014167,left facial nerve,RID27695
   4014168,left female breast,RID29897
   4014169,left femur,RID49027
   4014170,left fibula,RID49437
   4014171,left flexor carpi radialis muscle,RID43095
   4014172,left flexor carpi radialis tendon,RID41496
   4014173,left flexor carpi ulnaris muscle,RID43099
   4014174,left flexor digitorum longus muscle,RID48479
   4014175,left flexor digitorum longus tendon,RID41228
   4014176,left flexor digitorum profundus muscle,RID43103
   4014177,left flexor digitorum superficialis muscle,RID43101
   4014178,left flexor hallucis longus muscle,RID48477
   4014179,left flexor hallucis longus tendon,RID41226
   4014180,left flexor pollicis brevis muscle,RID43138
   4014181,left flexor pollicis longus muscle,RID43105
   4014182,left flexor pollicis longus tendon,RID41582
   4014183,left fornix of forebrain,RID18107
   4014184,left frontal lobe,RID13863
   4014185,left gastric artery,RID908
   4014186,left gastric vein,RID38283
   4014187,left gastrocnemius muscle,RID48468
   4014188,left gastroepiploic artery,RID925
   4014189,left gastroepiploic vein,RID38298
   4014190,left glenohumeral joint,RID42241
   4014191,left glenoid labrum,RID41026
   4014192,left globus pallidus,RID21018
   4014193,left glossopharyngeal nerve,RID27699
   4014194,left gracilis muscle,RID48234
   4014195,left great auricular nerve,RID27709
   4014196,left great cerebral vein,RID36189
   4014197,left hemidiaphragm,RID1525
   4014198,left hemiscrotum,RID30037
   4014199,left hepatic artery,RID916
   4014200,left hepatic duct,RID193
   4014201,left hippocampus,RID26567
   4014202,left humerus,RID41946
   4014203,left hypoglossal nerve,RID27703
   4014204,left iliocostalis cervicis,RID32264
   4014205,left iliopsoas muscle,RID30908
   4014206,left iliotibial band,RID49025
   4014207,left inferior anastomotic vein,RID36151
   4014208,left inferior cerebellar peduncle,RID18082
   4014209,left inferior cerebellar vein,RID36679
   4014210,left inferior colliculus,RID14122
   4014211,left inferior glenohumeral ligament,RID40839
   4014212,left inferior gluteal nerve,RID25681
   4014213,left inferior ophthalmic vein,RID36101
   4014214,left inferior pulmonary ligament lymph node,RID1494
   4014215,left inferior thyroid artery,RID44843
   4014216,left infraspinatus muscle,RID43064
   4014217,left infraspinatus tendon,RID41125
   4014218,left internal capsule,RID17021
   4014219,left internal cerebral vein,RID36191
   4014220,left internal oblique,RID31601
   4014221,left internal thoracic artery,RID44770
   4014222,left kidney,RID29663
   4014223,left knee,RID49360
   4014224,left knee joint,RID49393
   4014225,left labyrinthine artery,RID44692
   4014226,left lacrimal gland,RID39009
   4014227,left lateral collateral ligament,RID48951
   4014228,left lateral frontobasal artery,RID36490
   4014229,left lateral geniculate body,RID20563
   4014230,left lateral malleolus,RID39865
   4014231,left lateral meniscus,RID49365
   4014232,left lateral occipital artery,RID44763
   4014233,left lateral thoracic vein,RID43953
   4014234,left lateral tibial spine,RID39647
   4014235,left lateral ventricle,RID13789
   4014236,left lentiform nucleus,RID20918
   4014237,left lesser occipital nerve,RID23088
   4014238,left levator scapulae,RID43051
   4014239,left lobe of liver,RID69
   4014240,left lobe of thyroid gland,RID7579
   4014241,left longissimus capitis,RID32276
   4014242,left longissimus cervicis,RID32279
   4014243,left longus capitis,RID32247
   4014244,left longus colli,RID32244
   4014245,left lung,RID1326
   4014246,left main bronchus,RID1275
   4014247,left male breast,RID29900
   4014248,left mammillary body,RID26777
   4014249,left mandibular canine tooth,RID5824_RID9106_RID9126
   4014250,left mandibular central incisor tooth,RID5824_RID9106_RID5827_RID9127
   4014251,left mandibular first molar tooth,RID5824_RID9106_RID5996_RID9128
   4014252,left mandibular first premolar tooth,RID5824_RID9106_RID5996_RID9129
   4014253,left mandibular lateral incisor tooth,RID5824_RID9106_RID39121_RID9127
   4014254,left mandibular nerve,RID14292
   4014255,left mandibular second molar tooth,RID5824_RID9106_RID5998_RID9128
   4014256,left mandibular second premolar tooth,RID5824_RID9106_RID5998_RID9129
   4014257,left mandibular third molar tooth,RID5824_RID9106_RID6000_RID9128
   4014258,left maxillary canine tooth,RID5824_RID9279_RID9126
   4014259,left maxillary central incisor tooth,RID5824_RID9279_RID5827_RID9127
   4014260,left maxillary first molar tooth,RID5824_RID9279_RID5996_RID9128
   4014261,left maxillary first premolar tooth,RID5824_RID9279_RID5996_RID9129
   4014262,left maxillary lateral incisor tooth,RID5824_RID9279_RID39121_RID9127
   4014263,left maxillary nerve,RID14185
   4014264,left maxillary second molar tooth,RID5824_RID9279_RID5998_RID9128
   4014265,left maxillary second premolar tooth,RID5824_RID9279_RID5998_RID9129
   4014266,left maxillary third molar tooth,RID5824_RID9279_RID6000_RID9128
   4014267,left medial collateral ligament,RID48949
   4014268,left medial geniculate body,RID20561
   4014269,left medial malleolus,RID39872
   4014270,left medial meniscus,RID49363
   4014271,left medial occipital artery,RID44766
   4014272,left medial tibial spine,RID39649
   4014273,left median antebrachial vein,RID44002
   4014274,left median cubital vein,RID44000
   4014275,left median nerve,RID27721
   4014276,left middle cerebellar peduncle,RID18080
   4014277,left middle cerebral artery,RID36444
   4014278,left middle glenohumeral ligament,RID40837
   4014279,left musculocutaneous nerve,RID27719
   4014280,left nipple,RID29910
   4014281,left obliquus capitis inferior,RID32319
   4014282,left obliquus capitis superior,RID32316
   4014283,left obturator nerve,RID25607
   4014284,left occipital lobe,RID13869
   4014285,left oculomotor nerve,RID27687
   4014286,left olecranon,RID39683
   4014287,left olfactory nerve,RID28046
   4014288,left olfactory tract,RID17564
   4014289,left ophthalmic artery,RID36255
   4014290,left ophthalmic nerve,RID14176
   4014291,left opponens pollicis muscle,RID43136
   4014292,left optic nerve,RID22695
   4014293,left optic tract,RID22698
   4014294,left ovarian artery,RID38070
   4014295,left ovarian ligament,RID31696
   4014296,left ovarian vein,RID34806
   4014297,left ovary,RID32830
   4014298,left palmar intercarpal ligament,RID40939
   4014299,left palmar radiocarpal ligament,RID40876
   4014300,left palmaris brevis muscle,RID43142
   4014301,left palmaris longus muscle,RID43097
   4014302,left palmaris longus tendon,RID41501
   4014303,left paraesophageal lymph node,RID1488
   4014304,left parietal lobe,RID13867
   4014305,left parietal occipital artery,RID44756
   4014306,left parotid gland,RID38999
   4014307,left patella,RID48531
   4014308,left patellar ligament,RID48959
   4014309,left pectineus muscle,RID48236
   4014310,left pectoralis major,RID43072
   4014311,left pectoralis minor,RID43074
   4014312,left pericallosal artery,RID36435
   4014313,left pericardiacophrenic artery,RID44773
   4014314,left peroneus brevis muscle,RID48486
   4014315,left peroneus brevis tendon,RID41210
   4014316,left peroneus longus muscle,RID48484
   4014317,left peroneus longus tendon,RID41208
   4014318,left peroneus tertius muscle,RID48464
   4014319,left peroneus tertius tendon,RID41205
   4014320,left phrenic nerve,RID27717
   4014321,left pisohamate ligament,RID40944
   4014322,left pisometacarpal ligament,RID40947
   4014323,left polar temporal artery,RID36458
   4014324,left pontine artery,RID44662
   4014325,left portal vein,RID34470
   4014326,left posterior cerebral artery,RID44717
   4014327,left posterior communicating artery,RID36505
   4014328,left posterior cruciate ligament,RID48974
   4014329,left posterior inferior cerebellar artery,RID44641
   4014330,left posterior parietal artery,RID36503
   4014331,left posterior temporal artery,RID36462
   4014332,left pronator quadratus muscle,RID43107
   4014333,left pronator teres muscle,RID43093
   4014334,left psoas major,RID32249
   4014335,left psoas minor,RID32251
   4014336,left pudendal nerve,RID27755
   4014337,left pulmonary artery,RID993
   4014338,left putamen,RID21015
   4014339,left quadratus lumborum,RID31609
   4014340,left quadriceps tendon,RID48533
   4014341,left radial artery,RID45137
   4014342,left radial nerve,RID27729
   4014343,left radial vein,RID43989
   4014344,left radius,RID43019
   4014345,left rectus abdominis,RID31612
   4014346,left rectus capitis anterior,RID32238
   4014347,left rectus capitis lateralis,RID32241
   4014348,left rectus capitis posterior major,RID32310
   4014349,left rectus capitis posterior minor,RID32313
   4014350,left recurrent laryngeal nerve,RID14757
   4014351,left renal artery,RID37860
   4014352,left renal vein,RID37994
   4014353,left retromandibular vein,RID43904
   4014354,left rhomboid major,RID43055
   4014355,left rhomboid minor,RID43057
   4014356,left round ligament of uterus,RID30749
   4014357,left sartorius muscle,RID48210
   4014358,left scapula,RID39672
   4014359,left sciatic nerve,RID25685
   4014360,left semimembranosus muscle,RID48231
   4014361,left seminal vesicle,RID50233
   4014361,genital system of male human body,RID342
   4014362,left semispinalis capitis,RID32299
   4014363,left semispinalis cervicis,RID32296
   4014364,left semitendinosus muscle,RID48229
   4014365,left serratus anterior,RID43053
   4014366,left side of genu of corpus callosum,RID36631
   4014367,left side of medulla oblongata,RID14142
   4014368,left soleus muscle,RID48470
   4014369,left spinal accessory nerve,RID27707
   4014370,left spinalis capitis,RID32288
   4014371,left splenial artery,RID44751
   4014372,left splenius capitis,RID32260
   4014373,left splenius cervicis,RID32257
   4014374,left sternoclavicular joint,RID42237
   4014375,left subcallosal area,RID15636
   4014376,left subclavian artery,RID43896
   4014377,left sublingual gland,RID39005
   4014378,left submandibular gland,RID39007
   4014379,left subscapularis muscle,RID43070
   4014380,left subscapularis tendon,RID41109
   4014381,left superficial middle cerebral vein,RID36103
   4014382,left superficial peroneal nerve,RID15807
   4014383,left superior anastomotic vein,RID36149
   4014384,left superior cerebellar artery,RID44671
   4014385,left superior cerebellar peduncle,RID18078
   4014386,left superior cerebellar vein,RID36676
   4014387,left superior colliculus,RID14120
   4014388,left superior epigastric artery,RID44830
   4014389,left superior glenohumeral ligament,RID40835
   4014390,left superior gluteal nerve,RID25679
   4014391,left superior ophthalmic vein,RID36056
   4014392,left supinator muscle,RID43122
   4014393,left supraspinatus muscle,RID43062
   4014394,left supraspinatus tendon,RID41117
   4014395,left sural nerve,RID15369
   4014396,left temporal artery,RID36455
   4014397,left temporal lobe,RID13865
   4014398,left teres major muscle,RID43066
   4014399,left teres minor muscle,RID43068
   4014400,left teres minor tendon,RID41101
   4014401,left testicular artery,RID38036
   4014402,left testicular vein,RID34802
   4014403,genital system of male human body,RID342
   4014403,left testis,RID38997
   4014404,left thalamogeniculate artery,RID44727
   4014405,left thalamus,RID13496
   4014406,left thoracic sympathetic trunk,RID19175
   4014407,left tibia,RID49379
   4014408,left tibial nerve,RID15363
   4014409,left tibialis anterior muscle,RID48457
   4014410,left tibialis anterior tendon,RID41177
   4014411,left tibialis posterior,RID48481
   4014412,left tibialis posterior tendon,RID41179
   4014413,left transversus abdominis,RID31604
   4014414,left trapezius,RID43046
   4014415,left triceps brachii muscle,RID43085
   4014416,left trochlear nerve,RID27689
   4014417,left ulna,RID42721
   4014418,left ulnar artery,RID45097
   4014419,left ulnar nerve,RID27723
   4014420,left ulnar vein,RID43980
   4014421,left uncal artery,RID36601
   4014422,left upper paratracheal lymph node,RID1469
   4014423,left ureter,RID30845
   4013406,"uterine adnexa, left",RID294_RID5824
   4014424,left uterine tube,RID30346
   4014425,left vagus nerve,RID27701
   4014426,left ventricle,RID1392
   4014427,left vertebral artery,RID44621
   4014428,left vestibular nerve,RID14604
   4014429,left vestibulocochlear nerve,RID27697
   4014430,leg,RID2869
   4014431,lens,RID9688
   4014432,lenticular process of incus,RID10161
   4014433,lenticulostriate artery,RID668
   4014434,lentiform nucleus,RID6549
   4014435,lesser occipital nerve,RID7449
   4014436,lesser saphenous vein,RID1202
   4014437,lesser trochanter of femur,RID2673
   4014438,lesser trochanter of left femur,RID39757
   4014439,lesser trochanter of right femur,RID39756
   4014440,lesser tuberosity of humerus,RID1978
   4014441,levator ani,RID39500
   4014442,levator labii superioris alaeque nasi muscle,RID9855
   4014443,levator labii superioris muscle,RID9854
   4014444,levator palpebrae superioris muscle,RID9710
   4014445,levator scapulae muscle,RID7504
   4014446,ligament of Treitz,RID147
   4014447,lingual artery,RID696
   4014448,lingual tonsil,RID10008
   4014449,lingula,RID1333
   4014450,liver,RID58
   4014451,long process of incus,RID10160
   4014452,longissimus capitis,RID32274
   4014453,longissimus cervicis,RID32277
   4014454,longus capitis,RID32245
   4014455,longus colli,RID32242
   4014456,lower esophageal sphincter,RID103
   4014457,lower extremity,RID2638
   4014458,lower inner quadrant of breast,RID29937
   4014459,lower inner quadrant of left female breast,RID29939
   4014460,lower inner quadrant of right female breast,RID29938
   4014461,lower lobe of left lung,RID1338
   4014462,lower lobe of right lung,RID1315
   4014463,lower outer quadrant of breast,RID29934
   4014464,lower outer quadrant of left female breast,RID29936
   4014465,lower outer quadrant of right female breast,RID29935
   4014466,lumbar intervertebral disk,RID28830
   4014467,lumbar vein,RID1192
   4014468,lumbar vertebral column,RID34573
   4014469,lumbrical muscle of foot,RID3172
   4014470,lumbrical muscle of hand,RID2364
   4014471,lunate,RID2187
   4014472,lung,RID1301
   4014473,lymph node group,RID28847
   4014474,M1 segment of middle cerebral artery,RID666
   4014475,M2 segment of middle cerebral artery,RID671
   4014476,M3 segment of middle cerebral artery,RID680
   4014477,M4 segment of middle cerebral artery,RID682
   4014478,main bronchus,RID34918
   4014479,main pancreatic duct,RID177
   4014480,main pulmonary artery,RID975
   4014481,male breast,RID29898
   4014482,malleus,RID10163
   4014483,mammillary body,RID6523
   4014484,mandible,RID9082
   4014485,mandibular dental arcade,RID9106
   4014486,mandibular nerve,RID12082
   4014487,mandibular rami,RID28576
   4014488,manubrium,RID2476
   4014489,masseter muscle,RID9908
   4014490,masticator space,RID7569
   4014491,mastoid antrum,RID10143
   4014492,mastoid process of temporal bone,RID9364
   4014493,maxilla,RID9236
   4014494,maxillary artery,RID734
   4014495,maxillary dental arcade,RID9279
   4014496,maxillary nerve,RID12053
   4014497,maxillary sinus,RID9557
   4014498,medial collateral ligament,RID48947
   4014499,medial compartment of left thigh,RID48163
   4014500,medial compartment of right thigh,RID48162
   4014501,medial compartment of thigh,RID2692
   4014502,medial condyle of femur,RID2688
   4014503,medial condyle of left femur,RID39858
   4014504,medial condyle of left tibia,RID39628
   4014505,medial condyle of right femur,RID39857
   4014506,medial condyle of right tibia,RID39627
   4014507,medial condyle of tibia,RID39626
   4014508,medial cuneiform,RID2978
   4014509,medial epicondyle of femur,RID2683
   4014510,medial epicondyle of humerus,RID1985
   4014511,medial epicondyle of left femur,RID49267
   4014512,medial epicondyle of right femur,RID49266
   4014513,medial inferior area of medial segment of left lobe of liver,RID33244
   4014514,medial lenticulostriate artery,RID670
   4014515,medial malleolus,RID2904
   4014516,medial meniscus,RID2772
   4014517,medial occipital artery,RID44764
   4014518,medial posterior choroidal artery,RID813
   4014519,medial pterygoid muscle,RID9911
   4014520,medial rectus muscle,RID9703
   4014521,medial region of breast,RID29943
   4014522,medial region of left breast,RID29945
   4014523,medial region of right breast,RID29944
   4014524,medial superior area of medial segment of left lobe of liver,RID33243
   4014525,medial tibial spine,RID2892
   4014526,medial tubercle,RID2952
   4014527,median antebrachial vein,RID39248
   4014528,median aperture of fourth ventricle,RID7174
   4014529,median cubital vein,RID39247
   4014530,median nerve,RID7246
   4014531,mediastinum,RID1384
   4014532,medulla oblongata,RID6681
   4014533,meningeal cluster,RID7091
   4014534,mentalis muscle,RID9867
   4014535,mesenteric lymph node group,RID31968
   4014536,mesentery,RID33180
   4014537,metacarpal bone,RID2320
   4014538,metacarpophalangeal joint of fifth finger,RID2332_RID2400
   4014539,metacarpophalangeal joint of first finger,RID2332_RID2392
   4014540,metacarpophalangeal joint of fourth finger,RID2332_RID2398
   4014541,metacarpophalangeal joint of second finger,RID2332_RID2394
   4014542,metacarpophalangeal joint of third finger,RID2332_RID2396
   4014543,metatarsal of fifth toe,RID13324
   4014544,metatarsal of fourth toe,RID2986_RID2998
   4014545,metatarsal of great toe,RID2986_RID2993
   4014546,metatarsal of second toe,RID2986_RID2996
   4014547,metatarsal of third toe,RID2986_RID2997
   4014548,metatarsophalangeal joint of fifth toe,RID3129_RID2999
   4014549,metatarsophalangeal joint of fourth toe,RID3129_RID2998
   4014550,metatarsophalangeal joint of great toe,RID3129_RID2993
   4014551,metatarsophalangeal joint of second toe,RID3129_RID2996
   4014552,metatarsophalangeal joint of third toe,RID3129_RID2997
   4014553,metopic suture,RID9814
   4014554,midbrain,RID6768
   4014555,midbrain tectum,RID6781
   4014556,middle cerebellar peduncle,RID6895
   4014557,middle cerebral artery,RID665
   4014558,middle colic artery,RID931
   4014559,middle colic vein,RID38289
   4014560,middle constrictor muscle,RID7553
   4014561,middle ear,RID13303
   4014562,middle ear cavity,RID10109
   4014563,middle glenohumeral ligament,RID1921
   4014564,middle layer of deep cervical fascia,RID7537
   4014565,middle lobe of lung,RID1310
   4014566,middle nasal meatus,RID9536
   4014567,middle nasal turbinate,RID10050
   4014568,middle phalanx of fifth finger,RID2405_RID2400
   4014569,middle phalanx of fifth toe,RID3001_RID2999
   4014570,middle phalanx of fourth finger,RID2405_RID2398
   4014571,middle phalanx of fourth toe,RID3001_RID2998
   4014572,middle phalanx of second finger,RID2405_RID2394
   4014573,middle phalanx of second toe,RID3001_RID2996
   4014574,middle phalanx of third finger,RID2405_RID2396
   4014575,middle phalanx of third toe,RID3001_RID2997
   4014576,middle rectal artery,RID956
   4014577,middle scalene muscle,RID7497
   4014578,middle temporal artery,RID731
   4014579,mitral valve,RID1395
   4014580,molar tooth,RID9128
   4014581,muscle body of coccygeus,RID40392
   4014582,muscle body of left coccygeus,RID40394
   4014583,muscle body of left obturator internus,RID40367
   4014584,muscle body of obturator internus,RID40365
   4014585,muscle body of right coccygeus,RID40393
   4014586,muscle body of right obturator internus,RID40366
   4014587,muscle of neck,RID7489
   4014588,musculature of abdomen,RID32811
   4014589,musculature of anterior abdominal wall,RID32809
   4014590,musculature of back of abdomen,RID32808
   4014591,musculature of back of thorax,RID32807
   4014592,musculature of perineum,RID32793
   4014593,musculature of thorax,RID32755
   4014594,musculocutaneous nerve,RID7243
   4014595,musculoskeletal system,RID13209
   4014596,mylohyoid muscle,RID7516
   4014597,myometrium,RID315
   4014598,myometrium of cervix,RID30683
   4014599,nasal bone,RID9470
   4014600,nasal cavity,RID9532
   4014601,nasal septum,RID10039
   4014602,nasal surface of maxilla,RID9252
   4014603,nasalis muscle,RID9869
   4014604,nasopharynx,RID9990
   4014605,neck,RID7488
   4014606,neck of fibula,RID2875
   4014607,neck of malleus,RID10167
   4014608,neck of pancreas,RID173
   4014609,neurohypophysis,RID6645
   4014610,ninth rib,RID28591_RID6159
   4014611,ninth thoracic vertebra,RID29206
   4014612,nipple,RID29902
   4014613,nipple of female breast,RID29906
   4014614,nipple of left female breast,RID29908
   4014615,nipple of left male breast,RID29905
   4014616,nipple of male breast,RID29903
   4014617,nipple of right female breast,RID29907
   4014618,nipple of right male breast,RID29904
   4014619,nose,RID10029
   4014620,oblique arytenoid muscle,RID7649
   4014621,oblique fissure,RID43260
   4014622,obliquus capitis inferior,RID32317
   4014623,obliquus capitis superior,RID32314
   4014624,obturator artery,RID953
   4014625,obturator externus muscle,RID2636
   4014626,obturator nerve,RID7293
   4014627,occipital artery,RID711
   4014628,occipital bone,RID9330
   4014629,occipital brain region,RID6393
   4014630,occipital horn of lateral ventricle,RID7127
   4014631,occipital horn of left lateral ventricle,RID13801
   4014632,occipital horn of right lateral ventricle,RID13800
   4014633,occipital lobe,RID6502
   4014634,occipital sinus,RID1126
   4014635,occipitofrontalis muscle,RID9887
   4014636,oculomotor nerve,RID12015
   4014637,olecranon,RID39681
   4014638,olfactory nerve,RID11999
   4014639,olfactory tract,RID6467
   4014640,omohyoid muscle,RID7520
   4014641,ophthalmic artery,RID607
   4014642,ophthalmic nerve,RID12030
   4014643,opponens digiti minimi muscle of hand,RID2360
   4014644,opponens digiti minimi of left hand,RID43148
   4014645,opponens digiti minimi of right hand,RID43147
   4014646,opponens pollicis muscle,RID2347
   4014647,optic canal,RID9298
   4014648,optic chiasm,RID6641
   4014649,optic nerve,RID12003
   4014650,optic recess of third ventricle,RID7139
   4014651,optic tract,RID22696
   4014652,oral cavity,RID9938
   4014653,orbicularis oculi muscle,RID9875
   4014654,orbicularis oris muscle,RID9857
   4014655,orbit,RID9573
   4014656,orbitofrontal artery,RID674
   4014657,oropharynx,RID10003
   4014658,ostiomeatal unit,RID9558
   4014659,ovarian artery,RID38068
   4014660,ovarian ligament,RID301
   4014661,ovarian vein,RID34804
   4014662,ovary,RID290
   4014663,P1 segment of posterior cerebral artery,RID805
   4014664,P2 segment of posterior cerebral artery,RID807
   4014665,P3 segment of posterior cerebral artery,RID818
   4014666,palatine process of maxilla,RID9262
   4014667,palatine tonsil,RID10010
   4014668,palatoglossus muscle,RID9899
   4014669,palatopharyngeus muscle,RID7560
   4014670,palmar intercarpal ligament,RID40937
   4014671,palmar interosseous muscle of hand,RID2362
   4014672,palmar ligament,RID2287
   4014673,palmar radiocarpal ligament,RID40874
   4014674,palmaris brevis muscle,RID2356
   4014675,palmaris longus muscle,RID2162
   4014676,palmaris longus tendon,RID2390
   4014677,pampiniform plexus,RID376
   4014678,pancreas,RID170
   4014679,pancreatic artery,RID35951
   4014680,pancreatic duct,RID176
   4014681,pancreatic lymph node group,RID31931
   4014682,pancreatic tributary of splenic vein,RID38296
   4014683,pancreaticoduodenal lymph node,RID28857
   4014684,papillary muscle,RID1400
   4014685,para-aortic thoracic lymph node,RID28935
   4014686,paracardiac lymph node,RID456
   4014687,paracolic lymph node group,RID31959
   4014688,paranasal sinus,RID9554
   4014689,parapharyngeal space,RID7566
   4014690,pararectal lymph node,RID466
   4014691,parathyroid gland,RID7587
   4014692,parietal bone,RID9280
   4014693,parietal brain region,RID6394
   4014694,parietal lobe,RID6493
   4014695,parieto-occipital artery,RID819
   4014696,parotid gland,RID28744
   4014697,patella,RID2746
   4014698,patellar ligament,RID2849
   4014699,pectineus muscle,RID2707
   4014700,pectoralis major muscle,RID2493
   4014701,pectoralis minor muscle,RID2496
   4014702,peduncle of midbrain,RID6770
   4014703,pelvic lymph node group,RID28855
   4013403,pelvis,RID2507
   4014704,penis,RID362
   4014705,pericallosal artery,RID656
   4014706,pericardiacophrenic artery,RID44771
   4014707,pericardial lymph node,RID1521
   4014708,pericardium,RID1407
   4014709,peripharyngeal space,RID7564
   4014710,periprostatic venous plexus,RID356
   4014711,peritoneal cavity,RID397
   4014712,peritoneum,RID410
   4014713,perivertebral space,RID7572
   4014714,peroneal artery,RID964
   4014715,peroneal vein,RID1206
   4014716,peroneus brevis muscle,RID2917
   4014717,peroneus brevis tendon,RID3197
   4014718,peroneus longus muscle,RID2918
   4014719,peroneus longus tendon,RID41206
   4014720,peroneus tertius muscle,RID2915
   4014721,peroneus tertius tendon,RID41203
   4014722,petrosquamous suture,RID10148
   4014723,pharyngeal tonsil,RID9993
   4014724,pharynx,RID13211
   4014725,phrenic nerve,RID7201
   4014726,pineal gland,RID6576
   4014727,piriformis muscle,RID2632
   4014728,pisiform,RID2191
   4014729,pisohamate ligament,RID2267
   4014730,pisometacarpal ligament,RID40945
   4014731,pituitary gland,RID38674
   4014732,placenta,RID34557
   4014733,plantar arch,RID970
   4014734,plantar interossei muscle of foot,RID3181
   4014735,pleura,RID1362
   4014736,polar frontal artery,RID655
   4014737,polar temporal artery,RID36456
   4014738,pons,RID6728
   4014739,pontine artery,RID44660
   4014740,popliteal artery,RID962
   4014741,popliteal vein,RID1201
   4014742,portal vein,RID1208
   4014743,posterior abdominal wall,RID32817
   4014744,posterior arch,RID6132
   4014745,posterior auricular artery,RID718
   4014746,posterior cerebral artery,RID804
   4014747,posterior chamber of globe,RID9678
   4014748,posterior commissure,RID6914
   4014749,posterior communicating artery,RID642
   4014750,posterior compartment of arm,RID39957
   4014751,posterior compartment of left arm,RID39959
   4014752,posterior compartment of left thigh,RID48161
   4014753,posterior compartment of right arm,RID39958
   4014754,posterior compartment of right thigh,RID48160
   4014755,posterior compartment of thigh,RID48159
   4014756,posterior cricoarytenoid muscle,RID7643
   4014757,posterior cruciate ligament,RID2784
   4014758,posterior fold of malleus,RID10190
   4014759,posterior hypothalamic region,RID6674
   4014760,posterior inferior area of posterior segment of right lobe of liver,RID33242
   4014761,posterior inferior cerebellar artery,RID779
   4014762,posterior intercavernous sinus,RID39321
   4014763,posterior limb of internal capsule,RID17028
   4014764,posterior limb of left internal capsule,RID17030
   4014765,posterior limb of right internal capsule,RID17029
   4014766,posterior limb of stapes,RID10155
   4014767,posterior medullary segment of PICA,RID783
   4014768,posterior parietal artery,RID677
   4014769,posterior scalene muscle,RID7498
   4014770,posterior semicircular canal,RID10216
   4014771,posterior superior area of posterior segment of right lobe of liver,RID33241
   4014772,posterior talofibular ligament,RID3024
   4014773,posterior temporal artery,RID679
   4014774,posterior thalamoperforating artery,RID811
   4014775,posterior tibial artery,RID967
   4014776,posterior tibial vein,RID1207
   4014777,posterior tibiofibular ligament,RID38809
   4014778,posterior tibiotalar ligament,RID3016
   4014779,precaval lymph node group,RID31977
   4014780,precentral sulcus,RID6457
   4014781,premolar tooth,RID9129
   4014782,prevertebral space,RID7118
   4014783,procerus muscle,RID9873
   4014784,pronator quadratus muscle,RID2171
   4014785,pronator teres muscle,RID2160
   4014786,proper hepatic artery,RID914
   4014787,prostate,RID343
   4014788,proximal interphalangeal joint of fifth finger,RID2408_RID2400
   4014789,proximal interphalangeal joint of fifth toe,RID3139_RID2999
   4014790,proximal interphalangeal joint of fourth finger,RID2408_RID2398
   4014791,proximal interphalangeal joint of fourth toe,RID3139_RID2998
   4014792,proximal interphalangeal joint of second finger,RID2408_RID2394
   4014793,proximal interphalangeal joint of second toe,RID3139_RID2996
   4014794,proximal interphalangeal joint of third finger,RID2408_RID2396
   4014795,proximal interphalangeal joint of third toe,RID3139_RID2997
   4014796,proximal phalanx of fifth finger,RID2404_RID2400
   4014797,proximal phalanx of fifth toe,RID3000_RID2999
   4014798,proximal phalanx of first finger,RID2404_RID2392
   4014799,proximal phalanx of fourth finger,RID2404_RID2398
   4014800,proximal phalanx of fourth toe,RID3000_RID2998
   4014801,proximal phalanx of great toe,RID3000_RID2993
   4014802,proximal phalanx of second finger,RID2404_RID2394
   4014803,proximal phalanx of second toe,RID3000_RID2996
   4014804,proximal phalanx of third finger,RID2404_RID2396
   4014805,proximal phalanx of third toe,RID3000_RID2997
   4014806,psoas major muscle,RID2625
   4014807,psoas minor muscle,RID2626
   4014808,pterion,RID6234
   4014809,pterygoid fossa,RID9320
   4014810,pterygoid process of sphenoid bone,RID9316
   4014811,pterygopalatine fossa,RID9510
   4014812,pubis,RID2553
   4014813,pubofemoral ligament,RID2652
   4014814,pudendal nerve,RID7312
   4014815,pulmonary artery,RID974
   4014816,pulmonary vein,RID1231
   4014817,pulmonic valve,RID1396
   4014818,putamen,RID6551
   4014819,pylorus,RID122
   4014820,pyramidal lobe of thyroid gland,RID7583
   4014821,quadrant of breast,RID29927
   4014822,quadratus lumborum,RID31607
   4014823,quadratus plantae muscle,RID3169
   4014824,quadriceps tendon,RID2848
   4014825,radial artery,RID866
   4014826,radial collateral ligament of elbow,RID2044
   4014827,radial collateral ligament of wrist,RID2257
   4014828,radial nerve,RID7257
   4014829,radial vein,RID1161
   4014830,radius,RID2109
   4014831,rectum,RID163
   4014832,rectus abdominis,RID31610
   4014833,rectus capitis anterior,RID32236
   4014834,rectus capitis lateralis,RID32239
   4014835,rectus capitis posterior major,RID32308
   4014836,rectus capitis posterior minor,RID32311
   4014837,rectus femoris muscle,RID2698
   4014838,recurrent laryngeal nerve,RID12203
   4014839,renal artery,RID936
   4014840,renal pelvis,RID228
   4014841,renal vein,RID1184
   4014842,retina,RID9651
   4014843,retrocrural lymph node,RID1523
   4014844,retromandibular vein,RID1055
   4014845,retromolar trigone,RID9989
   4013400,retroperitoneum,RID431
   4014846,retropharyngeal space of head,RID7565
   4014846,retropharyngeal space of head,RID7565
   4014848,retrotonsillar segment of PICA,RID786
   4014849,rhomboideus major muscle,RID2500
   4014850,rhomboideus minor muscle,RID2501
   4014852,right abducens nerve,RID27692
   4014853,right abductor pollicis brevis muscle,RID43133
   4014854,right abductor pollicis longus muscle,RID43123
   4014855,right abductor pollicis longus tendon,RID41621
   4014856,right accessory nerve tract,RID17609
   4014857,right acromioclavicular joint,RID42238
   4014858,right acromion,RID40003
   4014859,right adductor brevis muscle,RID48239
   4014860,right adductor longus muscle,RID48237
   4014861,right adductor magnus muscle,RID48241
   4014862,right adductor pollicis muscle,RID43139
   4013410,"adrenal artery, right",RID935_RID5825
   4013412,right adrenal gland,RID30324
   4014863,adrenal vein,RID34819
   4014864,right anconeus muscle,RID43089
   4014865,right ansa cervicalis,RID21932
   4014866,right anterior cerebral artery,RID36392
   4014867,right anterior cerebral vein,RID36162
   4014868,right anterior choroidal artery,RID36541
   4014869,right anterior cruciate ligament,RID48971
   4014870,right anterior inferior cerebellar artery,RID44689
   4014871,right anterior jugular vein,RID44024
   4014872,right anterior parietal artery,RID36500
   4014873,right anterior spinal artery,RID44638
   4014874,right anterior temporal artery,RID36459
   4014875,right areola,RID29912
   4014876,right articularis genus,RID48212
   4014877,right atrium,RID1387
   4014878,right axillary artery,RID45198
   4014879,right axillary nerve,RID27730
   4014880,right axillary vein,RID43899
   4014881,right basal vein,RID36159
   4014882,right basilic vein,RID43997
   4014883,right biceps brachii muscle,RID43078
   4014884,right biceps femoris muscle,RID48226
   4014885,right brachial artery,RID45200
   4014886,right brachialis muscle,RID43082
   4015548,right brachiocephalic vein,4015547
   4014887,right brachioradialis muscle,RID43108
   4014888,right bronchopulmonary lymph node,RID1499
   4014889,right calcarine artery,RID44757
   4014890,right callosomarginal artery,RID36418
   4014891,right caudate nucleus,RID21019
   4014892,right cephalic vein,RID44009
   4014893,right cerebral crus,RID18118
   4014894,right cerebral hemisphere,RID13858
   4014895,right cerebral peduncle,RID34068
   4014896,right cingulate gyrus,RID26562
   4014897,right claustrum,RID15701
   4014898,right clavicle,RID41740
   4014899,right cochlear nerve,RID14618
   4014900,right colic artery,RID929
   4014901,right colic vein,RID38290
   4014902,right collicular artery,RID44724
   4015552,right common iliac artery,RID944_RID5825
   4014903,right common iliac lymph node group,RID32012
   4015554,right common iliac vein,RID1193_RID5825
   4014904,right common pulmonary vein,RID1232
   4014905,right coracoacromial ligament,RID40842
   4014906,right coracobrachialis muscle,RID43080
   4014907,right coracoclavicular ligament,RID42242
   4014908,right coracoid process,RID40025
   4014909,right coronary artery,RID544
   4014910,right deep brachial artery,RID45078
   4014911,right deep middle cerebral vein,RID36165
   4014912,right deep peroneal nerve,RID15801
   4014913,right deltoid muscle,RID43059
   4014914,right dorsal radiocarpal ligament,RID40872
   4014915,right extensor carpi radialis brevis muscle,RID43112
   4014916,right extensor carpi radialis brevis tendon,RID41591
   4014917,right extensor carpi radialis longus muscle,RID43110
   4014918,right extensor carpi radialis longus tendon,RID41589
   4014919,right extensor carpi ulnaris muscle,RID43119
   4014920,right extensor carpi ulnaris tendon,RID41613
   4014921,right extensor digiti minimi muscle,RID43117
   4014922,right extensor digiti minimi tendon,RID41605
   4014923,right extensor digitorum longus muscle,RID48461
   4014924,right extensor digitorum muscle,RID43115
   4014925,right extensor hallucis longus muscle,RID48458
   4014926,right extensor hallucis longus tendon,RID41186
   4014927,right extensor indicis muscle,RID43129
   4014928,right extensor indicis tendon,RID41633
   4014929,right extensor pollicis brevis muscle,RID43125
   4014930,right extensor pollicis brevis tendon,RID41631
   4014931,right extensor pollicis longus muscle,RID43127
   4014932,right extensor pollicis longus tendon,RID41629
   4014933,right external capsule,RID17040
   4014934,right external iliac lymph node group,RID32019
   4014935,right external jugular vein,RID43901
   4014936,right external oblique,RID31597
   4014937,right fabella,RID49394
   4014938,right facial nerve,RID27694
   4014939,right female breast,RID29896
   4014940,right femur,RID49026
   4014941,right fibula,RID49436
   4014942,right flexor carpi radialis muscle,RID43094
   4014943,right flexor carpi radialis tendon,RID41495
   4014944,right flexor carpi ulnaris muscle,RID43098
   4014945,right flexor digitorum longus muscle,RID48478
   4014946,right flexor digitorum longus tendon,RID41227
   4014947,right flexor digitorum profundus muscle,RID43102
   4014948,right flexor digitorum superficialis muscle,RID43100
   4014949,right flexor hallucis longus muscle,RID48476
   4014950,right flexor hallucis longus tendon,RID41225
   4014951,right flexor pollicis brevis muscle,RID43137
   4014952,right flexor pollicis longus muscle,RID43104
   4014953,right flexor pollicis longus tendon,RID41581
   4014954,right fornix of forebrain,RID18106
   4014955,right frontal lobe,RID13862
   4014956,right gastric artery,RID920
   4014957,right gastric vein,RID38284
   4014958,right gastrocnemius muscle,RID48467
   4014959,right gastroepiploic artery,RID911
   4014960,right gastroepiploic vein,RID38281
   4014961,right glenohumeral joint,RID42240
   4014962,right glenoid labrum,RID41025
   4014963,right globus pallidus,RID21017
   4014964,right glossopharyngeal nerve,RID27698
   4014965,right gracilis muscle,RID48233
   4014966,right great auricular nerve,RID27708
   4014967,right great cerebral vein,RID36188
   4014968,right hemidiaphragm,RID1526
   4014969,right hemiscrotum,RID30036
   4014970,right hepatic artery,RID918
   4014971,right hepatic duct,RID194
   4014972,right hippocampus,RID26566
   4014973,right humerus,RID41945
   4014974,right hypoglossal nerve,RID27702
   4014975,right iliocostalis cervicis,RID32263
   4014976,right iliopsoas muscle,RID30907
   4014977,right iliotibial band,RID49024
   4014978,right inferior anastomotic vein,RID36150
   4014979,right inferior cerebellar peduncle,RID18081
   4014980,right inferior cerebellar vein,RID36678
   4014981,right inferior colliculus,RID14121
   4014982,right inferior glenohumeral ligament,RID40838
   4014983,right inferior gluteal nerve,RID25680
   4014984,right inferior ophthalmic vein,RID36100
   4014985,right inferior pulmonary ligament lymph node,RID1492
   4014986,right inferior thyroid artery,RID44842
   4014987,right infraspinatus muscle,RID43063
   4014988,right infraspinatus tendon,RID41124
   4014989,right internal capsule,RID17020
   4014990,right internal cerebral vein,RID36190
   4014991,right internal oblique,RID31600
   4014992,right internal thoracic artery,RID44769
   4014993,right kidney,RID29662
   4014994,right knee,RID49359
   4014995,right knee joint,RID49392
   4014996,right labyrinthine artery,RID44691
   4014997,right lacrimal gland,RID39008
   4014998,right lateral collateral ligament,RID48950
   4014999,right lateral frontobasal artery,RID36489
   4015000,right lateral geniculate body,RID20562
   4015001,right lateral malleolus,RID39864
   4015002,right lateral meniscus,RID49364
   4015003,right lateral occipital artery,RID44762
   4015004,right lateral thoracic vein,RID43952
   4015005,right lateral tibial spine,RID39646
   4015006,right lateral ventricle,RID13788
   4015007,right lentiform nucleus,RID20917
   4015008,right lesser occipital nerve,RID23087
   4015009,right levator scapulae,RID43050
   4015010,right lobe of liver,RID74
   4015011,right lobe of thyroid gland,RID7581
   4015012,right longissimus capitis,RID32275
   4015013,right longissimus cervicis,RID32278
   4015014,right longus capitis,RID32246
   4015015,right longus colli,RID32243
   4015016,right lung,RID1302
   4015017,right main bronchus,RID1250
   4015017,left main bronchus,RID1275
   4015018,right male breast,RID29899
   4015019,right mammillary body,RID26776
   4015020,right mandibular canine tooth,RID5825_RID9106_RID9126
   4015021,right mandibular central incisor tooth,RID5825_RID9106_RID5827_RID9127
   4015022,right mandibular first molar tooth,RID5825_RID9106_RID5996_RID9128
   4015023,right mandibular first premolar tooth,RID5825_RID9106_RID5996_RID9129
   4015024,right mandibular lateral incisor tooth,RID5825_RID9106_RID39121_RID9127
   4015025,right mandibular nerve,RID14291
   4015026,right mandibular second molar tooth,RID5825_RID9106_RID5998_RID9128
   4015027,right mandibular second premolar tooth,RID5825_RID9106_RID5998_RID9129
   4015028,right mandibular third molar tooth,RID5825_RID9106_RID6000_RID9128
   4015029,right maxillary canine tooth,RID5825_RID9279_RID9126
   4015030,right maxillary central incisor tooth,RID5825_RID9279_RID5827_RID9127
   4015031,right maxillary first molar tooth,RID5825_RID9279_RID5996_RID9128
   4015032,right maxillary first premolar tooth,RID5825_RID9279_RID5996_RID9129
   4015033,right maxillary lateral incisor tooth,RID5825_RID9279_RID39121_RID9127
   4015034,right maxillary nerve,RID14184
   4015035,right maxillary second molar tooth,RID5825_RID9279_RID5998_RID9128
   4015036,right maxillary second premolar tooth,RID5825_RID9279_RID5998_RID9129
   4015037,right maxillary third molar tooth,RID5825_RID9279_RID6000_RID9128
   4015038,right medial collateral ligament,RID48948
   4015039,right medial geniculate body,RID20560
   4015040,right medial malleolus,RID39871
   4015041,right medial meniscus,RID49362
   4015042,right medial occipital artery,RID44765
   4015043,right medial tibial spine,RID39648
   4015044,right median antebrachial vein,RID44001
   4015045,right median cubital vein,RID43999
   4015046,right median nerve,RID27720
   4015047,right middle cerebellar peduncle,RID18079
   4015048,right middle cerebral artery,RID36443
   4015049,right middle glenohumeral ligament,RID40836
   4015050,right musculocutaneous nerve,RID27718
   4015051,right nipple,RID29909
   4015052,right obliquus capitis inferior,RID32318
   4015053,right obliquus capitis superior,RID32315
   4015054,right obturator nerve,RID25606
   4015055,right occipital lobe,RID13868
   4015056,right oculomotor nerve,RID27686
   4015057,right olecranon,RID39682
   4015058,right olfactory nerve,RID28045
   4015059,right olfactory tract,RID17565
   4015060,right ophthalmic artery,RID36254
   4015061,right ophthalmic nerve,RID14175
   4015062,right opponens pollicis muscle,RID43135
   4015063,right optic nerve,RID22694
   4015064,right optic tract,RID22697
   4015065,right ovarian artery,RID38069
   4015066,right ovarian ligament,RID31695
   4015067,right ovarian vein,RID34805
   4015068,right ovary,RID32829
   4015069,right palmar intercarpal ligament,RID40938
   4015070,right palmar radiocarpal ligament,RID40875
   4015071,right palmaris brevis muscle,RID43141
   4015072,right palmaris longus muscle,RID43096
   4015073,right palmaris longus tendon,RID41500
   4015074,right paraesophageal lymph node,RID1486
   4015075,right parietal lobe,RID13866
   4015076,right parietal occipital artery,RID44755
   4015077,right parotid gland,RID38998
   4015078,right patella,RID48530
   4015079,right patellar ligament,RID48958
   4015080,right pectineus muscle,RID48235
   4015081,right pectoralis major,RID43071
   4015082,right pectoralis minor,RID43073
   4015083,right pericallosal artery,RID36434
   4015084,right pericardiacophrenic artery,RID44772
   4015085,right peroneus brevis muscle,RID48485
   4015086,right peroneus brevis tendon,RID41209
   4015087,right peroneus longus muscle,RID48483
   4015088,right peroneus longus tendon,RID41207
   4015089,right peroneus tertius muscle,RID48463
   4015090,right peroneus tertius tendon,RID41204
   4015091,right phrenic nerve,RID27716
   4015092,right pisohamate ligament,RID40943
   4015093,right pisometacarpal ligament,RID40946
   4015094,right polar temporal artery,RID36457
   4015095,right pontine artery,RID44661
   4015096,right portal vein,RID34469
   4015097,right posterior cerebral artery,RID44716
   4015098,right posterior communicating artery,RID36504
   4015099,right posterior cruciate ligament,RID48973
   4015100,right posterior inferior cerebellar artery,RID44640
   4015101,right posterior parietal artery,RID36502
   4015102,right posterior temporal artery,RID36461
   4015103,right pronator quadratus muscle,RID43106
   4015104,right pronator teres muscle,RID43092
   4015105,right psoas major,RID32248
   4015106,right psoas minor,RID32250
   4015107,right pudendal nerve,RID27754
   4015108,right pulmonary artery,RID976
   4015109,right putamen,RID21014
   4015110,right quadratus lumborum,RID31608
   4015111,right quadriceps tendon,RID48532
   4015112,right radial artery,RID45136
   4015113,right radial nerve,RID27728
   4015114,right radial vein,RID43988
   4015115,right radius,RID43018
   4015116,right rectus abdominis,RID31611
   4015117,right rectus capitis anterior,RID32237
   4015118,right rectus capitis lateralis,RID32240
   4015119,right rectus capitis posterior major,RID32309
   4015120,right rectus capitis posterior minor,RID32312
   4015121,right recurrent laryngeal nerve,RID14756
   4015122,right renal artery,RID37859
   4015123,right renal vein,RID37993
   4015124,right retromandibular vein,RID43903
   4015125,right rhomboid major,RID43054
   4015126,right rhomboid minor,RID43056
   4015127,right round ligament of uterus,RID30748
   4015128,right sartorius muscle,RID48209
   4015129,right scapula,RID39671
   4015130,right sciatic nerve,RID25684
   4015131,right semimembranosus muscle,RID48230
   4015132,right seminal vesicle,RID50232
   4015133,right semispinalis capitis,RID32298
   4015134,right semispinalis cervicis,RID32295
   4015135,right semitendinosus muscle,RID48228
   4015136,right serratus anterior,RID43052
   4015137,right side of genu of corpus callosum,RID36630
   4015138,right side of medulla oblongata,RID14141
   4015139,right soleus muscle,RID48469
   4015140,right spinal accessory nerve,RID27706
   4015141,right spinalis capitis,RID32287
   4015142,right splenial artery,RID44750
   4015143,right splenius capitis,RID32259
   4015144,right splenius cervicis,RID32256
   4015145,right sternoclavicular joint,RID42236
   4015146,right subcallosal area,RID15635
   4015147,right subclavian artery,RID43895
   4015148,right sublingual gland,RID39004
   4015149,right submandibular gland,RID39006
   4015150,right subscapularis muscle,RID43069
   4015151,right subscapularis tendon,RID41108
   4015152,right superficial middle cerebral vein,RID36102
   4015153,right superficial peroneal nerve,RID15808
   4015154,right superior anastomotic vein,RID36148
   4015155,right superior cerebellar artery,RID44670
   4015156,right superior cerebellar peduncle,RID18077
   4015157,right superior cerebellar vein,RID36675
   4015158,right superior colliculus,RID14119
   4015159,right superior epigastric artery,RID44829
   4015160,right superior glenohumeral ligament,RID40834
   4015161,right superior gluteal nerve,RID25678
   4015162,right superior ophthalmic vein,RID36055
   4015163,right supinator muscle,RID43121
   4015164,right supraspinatus muscle,RID43061
   4015165,right supraspinatus tendon,RID41116
   4015166,right sural nerve,RID15368
   4015167,right temporal artery,RID36454
   4015168,right temporal lobe,RID13864
   4015169,right teres major muscle,RID43065
   4015170,right teres minor muscle,RID43067
   4015171,right teres minor tendon,RID41100
   4015172,right testicular artery,RID38035
   4015173,right testicular vein,RID34803
   4015174,right testis,RID38996
   4015175,right thalamogeniculate artery,RID44726
   4015176,right thalamus,RID13495
   4015177,right thoracic sympathetic trunk,RID19174
   4015178,right tibia,RID49378
   4015179,right tibial nerve,RID15362
   4015180,right tibialis anterior muscle,RID48456
   4015181,right tibialis anterior tendon,RID41176
   4015182,right tibialis posterior,RID48480
   4015183,right tibialis posterior tendon,RID41178
   4015184,right transversus abdominis,RID31603
   4015185,right trapezius,RID43045
   4015186,right triceps brachii muscle,RID43084
   4015187,right trochlear nerve,RID27688
   4015188,right ulna,RID42720
   4015189,right ulnar artery,RID45096
   4015190,right ulnar nerve,RID27722
   4015191,right ulnar vein,RID43979
   4015192,right uncal artery,RID36600
   4015193,right upper paratracheal lymph node,RID1467
   4015194,right ureter,RID30844
   4013407,"uterine adnexa, right",RID294_RID5825
   4015195,right uterine tube,RID30345
   4015196,right vagus nerve,RID27700
   4015197,right ventricle,RID1389
   4015198,right vertebral artery,RID44620
   4015199,right vestibular nerve,RID14603
   4015200,right vestibulocochlear nerve,RID27696
   4015201,risoris muscle,RID9862
   4015202,rostrum of corpus callosum,RID6919
   4015203,round ligament of uterus,RID322
   4015204,sacrum,RID2509
   4015205,sagittal suture,RID9806
   4015206,salpingopharyngeus muscle,RID7563
   4015207,sartorius muscle,RID2696
   4015208,scalp,RID9919
   4015209,scaphoid,RID2181
   4015210,scapholunate ligament,RID2259
   4015211,scapula,RID1860
   4015212,sciatic nerve,RID7330
   4015213,sclera,RID9594
   4015214,scrotum,RID365
   4015215,second lumbar vertebra,RID29194
   4015216,second metacarpal bone,RID34546
   4015217,second part of duodenum,RID137
   4015218,second rib,RID28591_RID6152
   4015219,second sacral vertebra,RID29189
   4015220,second thoracic vertebra,RID29199
   4015221,segment of medial geniculate body,RID26715
   4015222,sella turcica,RID9286
   4015223,semimembranosus muscle,RID2718
   4015224,seminal vesicle,RID357
   4015225,semispinalis capitis,RID32297
   4015226,semispinalis cervicis,RID32294
   4015227,semitendinosus muscle,RID2717
   4015228,septum pellucidum,RID6525
   4015229,serratus anterior muscle,RID2502
   4015230,set of abdominal vessels,RID49921
   4015231,set of autonomic nerves,RID16280
   4015232,set of basal ganglia,RID6537
   4015233,set of chest vessels,RID49962
   4015234,set of coronary arteries,RID28727
   4015235,set of cranial nerve branches,RID16278
   4015236,set of head vessels,RID49926
   4015237,set of intercostal arteries,RID49536
   4015238,set of intercostal muscles,RID32769
   4015239,set of intercostal nerves,RID16276
   4015240,set of left intercostal muscles,RID32771
   4015241,set of mediastinal lymph nodes,RID28852
   4015242,set of pelvis vessels,RID49933
   4015243,set of ribs,RID28591
   4015244,set of right intercostal muscles,RID32770
   4015245,set of teeth,RID49873
   4015246,set of visceral vessels,RID50378
   4015247,seventh cervical vertebra,RID29163
   4015248,seventh rib,RID28591_RID6157
   4015249,seventh thoracic vertebra,RID29204
   4015250,short gastric vein,RID38297
   4015251,short process of incus,RID10162
   4015252,shoulder,RID39518
   4015253,sigmoid colon,RID162
   4015254,sigmoid sinus,RID1092
   4015255,sinotubular junction,RID579
   4015256,sixth cervical vertebra,RID29162
   4015257,sixth rib,RID28591_RID6156
   4015258,sixth thoracic vertebra,RID29203
   4015259,skull,RID9196
   4015260,small intestine,RID132
   4015261,soft palate,RID9942
   4015262,soleus muscle,RID2924
   4015263,spermatic cord,RID375
   4015264,sphenoid bone,RID9281
   4015265,sphenoid sinus,RID9569
   4015266,sphenoparietal sinus,RID1119
   4015267,spinalis capitis,RID32286
   4015268,spinalis cervicis,RID7815
   4015269,spine,RID7741
   4015270,spleen,RID86
   4015271,splenial artery,RID821
   4015272,splenic artery,RID921
   4015273,splenic flexure of colon,RID160
   4015274,splenic vein,RID1209
   4015275,splenium of corpus callosum,RID6916
   4015276,splenius capitis,RID32258
   4015277,splenius cervicis,RID32255
   4015278,stapes,RID10151
   4015279,sternoclavicular joint,RID1884
   4015280,sternocleidomastoid muscle,RID7500
   4015281,sternohyoid muscle,RID7519
   4015282,sternothyroid muscle,RID7523
   4015283,sternum,RID2473
   4015284,stomach,RID114
   4015285,straight sinus,RID1129
   4015286,styloglossus muscle,RID9898
   4015287,stylohyoid muscle,RID7515
   4015288,styloid process of left radius,RID42723
   4015289,styloid process of left ulna,RID42290
   4015290,styloid process of radius,RID2113
   4015291,styloid process of right radius,RID42722
   4015292,styloid process of right ulna,RID42289
   4015293,styloid process of temporal bone,RID9415
   4015294,styloid process of ulna,RID2132
   4015295,stylopharyngeus muscle,RID7559
   4015296,subareolar region of breast,RID29952
   4015297,subareolar region of left breast,RID29954
   4015298,subareolar region of right breast,RID29953
   4015299,subcallosal area,RID6465
   4015300,subcarinal lymph node,RID1482
   4015301,subclavian artery,RID773
   4015302,sublingual gland,RID39003
   4015303,submandibular gland,RID9968
   4015304,subscapularis muscle,RID1940
   4015305,subscapularis tendon,RID1951
   4015306,sulcus tali,RID2957
   4015307,superficial cerebral vein,RID34446
   4015308,superficial femoral artery,RID961
   4015309,superficial layer of cervical fascia,RID7534
   4015310,superficial layer of deep cervical fascia,RID7536
   4015311,superficial middle cerebral vein,RID1124
   4015312,superficial palmar arch,RID871
   4015313,superficial peroneal nerve,RID7353
   4015314,superficial posterior compartment of leg,RID2933
   4015315,superficial temporal artery,RID726
   4015316,superior anastomotic vein,RID36147
   4015317,superior cerebellar artery,RID803
   4015318,superior cerebellar peduncle,RID6897
   4015319,superior cerebellar vein,RID36674
   4015320,superior colliculus,RID6783
   4015321,superior constrictor muscle,RID7548
   4015322,superior diaphragmatic lymph node,RID1522
   4015323,superior epigastric artery,RID836
   4015324,superior frontal sulcus,RID6458
   4015325,superior glenohumeral ligament,RID1922
   4015326,superior gluteal artery,RID949
   4015327,superior gluteal nerve,RID7321
   4015328,superior internal parietal artery,RID658
   4015329,superior longitudinal muscle of tongue,RID9900
   4015330,superior mesenteric artery,RID927
   4015331,superior mesenteric vein,RID1212
   4015332,superior nasal meatus,RID9535
   4015333,superior nasal turbinate,RID10049
   4015334,superior oblique muscle,RID9706
   4015335,superior ophthalmic vein,RID1095
   4015336,superior orbital fissure,RID9590
   4015337,superior pancreaticoduodenal artery,RID912
   4015338,superior petrosal sinus,RID1121
   4015339,superior rectal artery,RID942
   4015340,superior rectus muscle,RID9701
   4015341,superior region of breast,RID29940
   4015342,superior region of left breast,RID29942
   4015343,superior region of right breast,RID29941
   4015344,superior sagittal sinus,RID1127
   4015345,superior tarsal muscle,RID9750
   4015346,superior thyroid artery,RID685
   4015347,superior thyroid vein,RID1037
   4015348,superior vena cava,RID1010
   4015349,superior vesical artery,RID13087
   4015350,supinator muscle,RID2151
   4015351,supraclavicular lymph node,RID1516
   4015352,suprahyoid neck,RID7540
   4015353,supraorbital margin,RID9578
   4015354,supraspinatus muscle,RID1941
   4015355,supraspinatus tendon,RID1953
   4015356,suprasternal space,RID7567
   4015357,supratentorial brain,RID6389_RID6434
   4015358,supratonsillar segment of PICA,RID784
   4015359,sural nerve,RID7347
   4015360,suspensory ligament of left ovary,RID33196
   4015361,suspensory ligament of ovary,RID33194
   4015362,suspensory ligament of right ovary,RID33195
   4015363,symphysis pubis,RID2594
   4015364,tail of pancreas,RID175
   4015365,talus,RID2949
   4015366,tarsal navicular,RID2976
   4015367,tectal plate,RID13485
   4015368,temporal artery,RID36453
   4015369,temporal bone,RID9361
   4015370,temporal brain region,RID6392
   4015371,temporal horn of lateral ventricle,RID7128
   4015372,temporal horn of left lateral ventricle,RID13803
   4015373,temporal horn of right lateral ventricle,RID13802
   4015374,temporal lobe,RID6476
   4015375,temporalis muscle,RID9912
   4015376,temporomandibular joint,RID9779
   4015377,tendon of extensor digitorum longus to fifth toe,RID41200
   4015378,tendon of extensor digitorum longus to fourth toe,RID41197
   4015379,tendon of extensor digitorum longus to second toe,RID41191
   4015380,tendon of extensor digitorum longus to third toe,RID41194
   4015381,tendon of extensor digitorum to index finger,RID13338
   4015382,tendon of extensor digitorum to little finger,RID41602
   4015383,tendon of extensor digitorum to middle finger,RID41597
   4015384,tendon of extensor digitorum to ring finger,RID13340
   4015385,tendon of flexor digitorum superficialis to index finger,RID41516
   4015386,tendon of flexor digitorum superficialis to little finger,RID41525
   4015387,tendon of flexor digitorum superficialis to middle finger,RID41519
   4015388,tendon of flexor digitorum superficialis to ring finger,RID41522
   4015389,tendon of left biceps femoris,RID41144
   4015390,tendon of left extensor digitorum longus to left fifth toe,RID41202
   4015391,tendon of left extensor digitorum longus to left fourth toe,RID41199
   4015392,tendon of left extensor digitorum longus to left second toe,RID41193
   4015393,tendon of left extensor digitorum longus to left third toe,RID41196
   4015394,tendon of left extensor digitorum to left index finger,RID41596
   4015395,tendon of left extensor digitorum to left little finger,RID41604
   4015396,tendon of left extensor digitorum to left middle finger,RID41599
   4015397,tendon of left extensor digitorum to left ring finger,RID41601
   4015398,tendon of left flexor digitorum superficialis to left index finger,RID41518
   4015399,tendon of left flexor digitorum superficialis to left little finger,RID41527
   4015400,tendon of left flexor digitorum superficialis to left middle finger,RID41521
   4015401,tendon of left flexor digitorum superficialis to left ring finger,RID41524
   4015402,tendon of long head of biceps brachii,RID1944
   4015403,tendon of right biceps femoris,RID41143
   4015404,tendon of right extensor digitorum longus to right fifth toe,RID41201
   4015405,tendon of right extensor digitorum longus to right fourth toe,RID41198
   4015406,tendon of right extensor digitorum longus to right second toe,RID41192
   4015407,tendon of right extensor digitorum longus to right third toe,RID41195
   4015408,tendon of right extensor digitorum to right index finger,RID41595
   4015409,tendon of right extensor digitorum to right little finger,RID41603
   4015410,tendon of right extensor digitorum to right middle finger,RID41598
   4015411,tendon of right extensor digitorum to right ring finger,RID41600
   4015412,tendon of right flexor digitorum superficialis to right index finger,RID41517
   4015413,tendon of right flexor digitorum superficialis to right little finger,RID41526
   4015414,tendon of right flexor digitorum superficialis to right middle finger,RID41520
   4015415,tendon of right flexor digitorum superficialis to right ring finger,RID41523
   4015416,tendon of short head of biceps brachii,RID1945
   4015417,tensor fascia lata muscle,RID2703
   4015418,tenth rib,RID28591_RID6160
   4015419,tenth thoracic vertebra,RID29207
   4015420,teres major muscle,RID2504
   4015421,teres minor muscle,RID1942
   4015422,teres minor tendon,RID1955
   4015423,terminal ileum,RID151
   4015424,testicular artery,RID38034
   4015425,testicular vein,RID34801
   4015426,testis,RID366
   4015427,thalamogeniculate artery,RID812
   4015428,thalamus,RID6578
   4015429,thigh,RID2660
   4015430,third cervical vertebra,RID29160
   4015431,third lumbar vertebra,RID29195
   4015432,third metacarpal bone,RID34547
   4015433,third part of duodenum,RID144
   4015434,third rib,RID28591_RID6153
   4015435,third sacral vertebra,RID29190
   4015436,third thoracic vertebra,RID29200
   4015437,third ventricle,RID7137
   4015438,thoracic aorta,RID879
   4015439,thoracic duct,RID7694
   4015440,thoracic sympathetic trunk,RID19173
   4015441,thoracic vertebral column,RID34572
   4015442,thorax,RID1243
   4015443,thymus,RID1430
   4015444,thyroarytenoid muscle,RID7647
   4015445,thyrocervical trunk,RID837
   4015446,thyrohyoid muscle,RID7524
   4015447,thyroid cartilage,RID7590
   4015448,thyroid gland,RID7578
   4015449,tibia,RID2885
   4015450,tibial nerve,RID7331
   4015451,tibialis anterior muscle,RID2912
   4015452,tibialis anterior tendon,RID41175
   4015453,tibialis posterior muscle,RID2927
   4015454,tibialis posterior tendon,RID3194
   4015455,tibiocalcaneal ligament,RID3018
   4015456,tibionavicular ligament,RID3020
   4015457,tongue,RID9970
   4015458,trachea,RID1247
   4015459,tracheobronchial tree,RID1246
   4015460,tract of spinal cord,RID17726
   4015461,transverse arytenoid muscle,RID7651
   4015462,transverse colon,RID159
   4015463,transverse muscle of tongue,RID9902
   4015464,transverse sinus,RID1122
   4015465,transversus abdominis,RID31602
   4015466,trapezium,RID2193
   4015467,trapezius muscle,RID1937
   4015468,trapezoid,RID2195
   4015469,triceps brachii muscle,RID1999
   4015470,tricuspid valve,RID1397
   4015471,trigeminal nerve,RID12024
   4015472,triquetrum,RID2189
   4015473,trochlea of humerus,RID1990
   4015474,trochlea of left humerus,RID39784
   4015475,trochlea of right humerus,RID39783
   4015476,trochlea of superior oblique muscle,RID9707
   4015477,trochlear nerve,RID12021
   4015478,tubal tonsil,RID9998
   4015479,tuber cinereum,RID6643
   4015480,twelfth rib,RID28591_RID6162
   4015481,twelfth thoracic vertebra,RID29209
   4015482,tympanic membrane,RID10100
   4015483,ulna,RID2119
   4015484,ulnar artery,RID870
   4015485,ulnar collateral ligament of elbow,RID2035
   4015486,ulnar collateral ligament of left elbow,RID40855
   4015487,ulnar collateral ligament of right elbow,RID40856
   4015488,ulnar collateral ligament of wrist,RID2235
   4015489,ulnar nerve,RID7273
   4015490,ulnar vein,RID43978
   4015491,umbilical artery,RID35962
   4015492,umbilical cord,RID34558
   4015493,umbilical vein,RID34884
   4015494,uncal artery,RID647
   4015495,uncinate process of ethmoid,RID9206
   4015495,uncinate process of ethmoid,RID9206
   4015497,uncinate process of pancreas,RID172
   4015498,uncus,RID6482
   4015499,upper extremity,RID1850
   4015500,upper inner quadrant of breast,RID29931
   4015501,upper inner quadrant of left female breast,RID29933
   4015502,upper inner quadrant of right female breast,RID29932
   4015503,upper lobe of left lung,RID1327
   4015504,upper lobe of right lung,RID1303
   4015505,upper outer quadrant of breast,RID29928
   4015506,upper outer quadrant of left female breast,RID29930
   4015507,upper outer quadrant of right female breast,RID29929
   4015508,upper paratracheal lymph node,RID1465
   4015509,ureter,RID229
   4015510,urethra,RID34890
   4015511,urinary tract,RID204
   4013404,uterine adnexa,RID294
   4015512,uterine tube,RID295
   4015513,uterus,RID302
   4015514,uvula,RID9943
   4015515,vagina,RID325
   4015516,vagus nerve,RID12187
   4015517,vas deferens,RID358
   4015518,vastus intermedius muscle,RID2702
   4015519,vastus lateralis muscle,RID2699
   4015520,vastus medialis muscle,RID2700
   4015521,vein of left uncus,RID36155
   4015522,vein of right uncus,RID36154
   4015523,vein of uncus,RID36153
   4015524,vertebra,RID29154
   4015525,vertebral artery,RID774
   4015526,vertebral vein,RID1079
   4015527,vertical muscle of tongue,RID9903
   4015528,vesicouterine pouch,RID406
   4015529,vestibular nerve,RID12154
   4015530,vestibule of bony labyrinth,RID10202
   4015531,vestibulocochlear nerve,RID12151
   4015532,vitreous body,RID9682
   4015533,volar compartment of forearm,RID2137
   4015534,volar radioulnar ligament,RID2230
   4015535,wall of abdomen,RID30014
   4013399,whole body,RID39569
   4015536,wrist,RID2177
   4015537,wrist joint,RID2202
   4015538,zone of adenohypophysis,RID15522
   4015539,zone of neurohypophysis,RID15527
   4015540,zygomatic arch,RID28599
   4015541,zygomatic bone,RID9458
   4015542,zygomatic process of maxilla,RID9261
   4015543,zygomaticomaxillary suture of maxilla,RID9247
   4015544,zygomaticus major muscle,RID9863
   4015545,zygomaticus minor muscle,RID9864